id,target
39386,3
53759,0
26960,0
47957,2
13089,0
39988,1
18839,12
28690,0
38402,12
45856,0
15528,0
35913,2
49495,1
18237,0
17885,5
44970,4
11940,11
29584,0
42089,1
9694,0
23882,1
34835,1
15984,0
28032,5
7158,0
6617,0
42042,1
48578,6
24062,0
51667,7
6425,1
31782,0
21948,2
52486,5
53554,5
47366,2
23623,0
7193,3
42614,6
47154,3
46086,1
51031,5
54543,1
4524,1
53766,0
36137,1
47392,2
16530,0
22705,1
19578,0
27879,0
34452,1
46072,12
28831,5
18698,5
55465,14
25712,20
11527,0
14869,10
40385,0
44725,11
28469,0
55001,14
56684,17
20604,2
52224,6
36761,4
33021,0
25144,2
11371,0
14603,13
37481,4
51693,7
16154,1
22361,9
17086,10
19540,0
7963,0
8117,4
58170,2
39375,4
46876,13
44379,8
51499,3
19316,2
17882,5
41439,1
4944,0
43994,8
49492,1
8587,0
42248,0
48772,6
17876,0
53934,2
1638,24
53108,6
32903,3
29321,0
15379,1
58184,2
1852,0
7399,1
26967,0
27089,0
3739,20
19786,0
57563,14
33026,0
11376,0
7504,0
34203,3
55234,19
27614,3
7736,20
3396,2
19329,1
43163,4
33214,0
20603,2
11978,9
27042,2
31127,15
40382,0
5405,1
20055,31
28238,8
16537,20
55650,1
47153,3
51036,16
26958,0
13283,0
26164,3
15948,21
24401,0
10634,1
4711,4
14294,0
23624,0
47361,2
7194,0
48329,2
12163,3
44180,8
22392,0
51660,4
17075,12
18801,12
3150,1
29548,0
38608,0
36792,4
45260,4
43956,9
5068,4
58522,2
28655,1
58146,2
40985,0
7169,0
7955,0
8121,12
49808,11
27877,0
19744,0
47992,4
18696,5
1890,0
24408,1
21946,2
17418,4
48320,10
29125,7
54915,0
4972,0
45269,4
40529,4
59404,0
18808,12
14858,10
41266,10
16733,11
47191,1
27848,0
13241,0
2616,1
35783,1
16501,0
19549,0
20063,31
53591,4
41868,1
46615,1
19911,2
43367,1
27622,3
11340,3
10292,1
25949,27
5265,2
24295,13
43155,4
8748,0
35313,6
43393,10
42241,0
15714,11
53101,6
4171,1
59609,17
15526,1
21713,4
44384,29
17271,0
23044,3
12703,1
53757,1
12367,0
12969,1
47357,2
33480,12
21145,0
4727,0
45400,1
29774,0
18033,2
48743,6
47539,1
29546,0
26956,0
48929,6
18665,1
47961,2
56813,0
49033,6
8314,0
31129,15
43509,0
14860,10
39344,0
40982,0
59093,5
21189,2
8126,12
12199,0
39512,2
52823,6
50748,1
19115,0
42883,2
27428,0
44348,0
14438,1
17420,4
12152,0
30202,2
40175,7
53562,4
7397,1
47162,12
27087,0
57794,29
23043,3
6621,1
22191,1
42074,10
26703,1
24054,0
21526,2
24868,10
11175,0
11949,11
37685,2
50545,5
43152,4
27625,3
2047,0
10295,1
57552,14
16506,3
28209,7
8119,12
25516,0
36333,13
43536,0
54581,0
26101,0
54521,1
9259,0
30064,4
47136,2
5494,0
45661,5
36393,13
4546,1
15111,3
40313,1
56276,5
37073,2
21116,0
15323,0
57196,0
54713,0
51261,12
47304,2
32959,0
45037,4
37417,2
32165,13
56420,5
18058,10
3135,1
23225,0
34292,0
51605,3
42020,1
12750,2
6675,1
17222,7
46480,4
4122,1
21740,1
15575,0
33285,0
10007,0
32191,1
33043,0
13444,0
28639,0
7753,1
46474,4
31142,0
55407,14
27027,3
13212,1
43562,13
50949,3
49864,4
22555,8
34430,0
23487,0
20202,0
10497,0
4780,0
11777,0
2477,1
22767,0
14498,1
40748,11
35971,0
7798,0
59457,6
12139,0
8186,0
18403,1
9868,0
37870,10
38236,7
9266,0
28898,5
48141,10
26902,0
47109,1
8172,1
48387,3
22758,0
28262,8
37884,13
39310,1
49067,2
46813,3
50976,5
29182,0
30893,3
11922,1
33840,1
44912,3
37080,2
57165,0
3790,1
46017,0
45692,8
10490,0
39328,3
56285,5
13671,3
50516,5
6686,0
22136,1
16303,0
14454,1
52073,0
33878,4
32196,0
54384,2
50724,15
13685,1
12757,0
20695,1
53367,2
56615,19
32162,13
38458,2
23222,0
15324,0
37848,10
57191,0
49299,13
6818,11
2484,0
50186,2
40589,0
39773,0
35982,0
39317,0
28057,5
30894,3
19522,0
43768,6
58112,6
52428,16
48146,10
30860,0
57992,0
9437,2
17028,2
9605,0
5809,3
25325,4
55052,14
16335,0
47597,1
19973,20
6482,0
20465,10
14650,0
36500,0
23684,10
22756,0
7134,3
52421,0
56081,14
33416,10
10694,0
36356,21
44776,1
11574,0
24693,0
19719,0
49855,4
8188,0
3560,1
47335,2
23670,0
56849,3
21127,0
45650,5
10452,0
23442,0
22590,3
14496,1
15544,1
41694,3
19389,0
42011,11
7796,0
17213,7
54346,13
3938,0
51634,4
17021,1
23214,0
15776,5
1653,1
56411,11
48184,2
27029,3
8371,0
49056,6
27815,12
31970,1
14039,0
39321,3
10499,0
37089,2
57950,1
33429,2
20802,1
9091,1
8143,4
44923,3
25128,2
39577,1
12598,0
34268,0
2821,9
55851,18
35188,2
20668,0
24832,2
59466,1
9401,1
29711,0
55099,14
54977,3
59654,17
28095,5
56876,1
55293,14
33081,0
14491,1
4114,9
42016,1
35144,2
7791,3
29943,4
43792,6
30260,1
54725,0
47332,10
35712,1
56072,30
4584,2
11573,0
33623,10
57366,5
13224,0
43554,13
17684,1
27223,15
13016,1
22751,0
57968,17
25574,1
49638,0
19974,0
50715,0
44127,8
20462,10
25110,12
36735,0
11117,0
54187,5
21923,0
10658,0
40128,15
9062,0
18607,10
31983,2
26934,0
1801,2
37248,1
48513,0
46489,4
59653,17
32950,1
39584,1
19183,0
9406,0
2228,11
39742,1
36538,10
49607,1
18899,0
52419,0
56885,1
57957,17
17489,11
28254,8
8978,1
48183,2
51892,10
31977,1
5469,1
14802,2
57359,5
5638,11
41851,13
36903,4
27871,0
58372,0
3399,2
10099,4
25970,0
19114,2
49664,7
50749,1
28653,1
42876,2
11983,1
10851,0
25984,8
45861,0
17846,1
18032,2
49690,13
16994,1
20892,1
58988,8
39183,0
12950,0
3709,0
9233,0
29123,1
48928,6
10409,0
27624,3
16163,1
22356,0
52021,0
37684,2
2274,0
34001,0
16351,0
31117,0
54580,0
31325,0
43705,6
7150,0
22732,1
28208,7
6082,0
57137,3
58943,8
33472,6
20859,7
14096,0
32766,0
29920,2
19789,0
51006,5
26968,0
6244,0
48917,6
3504,9
40948,0
59059,0
10604,20
30667,7
12537,3
42247,0
35315,6
21527,2
24055,0
57795,29
10052,3
31587,0
12705,1
26530,1
47507,5
23042,3
51462,0
29578,2
51802,0
42429,0
58381,0
24409,1
18451,8
6872,15
44188,11
10258,3
18809,12
9650,0
54128,1
54914,0
4973,0
45892,4
24099,11
49663,7
17089,10
46419,4
11970,0
5855,2
57759,28
47993,4
22538,5
49809,11
40984,0
57933,0
36138,1
36904,4
19577,0
45257,4
10869,0
56640,0
24260,1
12702,1
3355,0
17270,0
35120,6
54325,5
43392,10
3167,1
23277,4
15715,1
25180,2
45859,0
13086,1
10603,20
52684,4
56224,16
54573,0
31322,0
19548,0
6085,0
50315,21
20062,20
58944,8
59896,15
59298,0
14859,10
49836,11
34462,10
47190,1
37683,2
14401,1
24294,13
43154,4
42086,1
50543,5
17284,0
43968,8
34006,0
2041,0
3193,0
16164,11
46614,1
17877,5
2880,1
38404,12
38636,0
56649,0
49493,1
9666,0
14098,0
48125,12
46883,1
3738,0
7996,0
29320,0
12961,9
33488,0
28808,0
47199,1
27840,12
31925,2
8116,4
21985,2
39146,0
16951,7
25941,23
45098,5
44378,8
11946,9
55038,14
7708,3
51498,3
28450,3
52480,16
56020,14
10635,1
27285,0
3535,0
12162,3
17410,1
51205,5
30464,5
38609,0
53136,1
44181,8
57596,14
56444,18
42276,1
35324,6
23241,0
3397,2
20602,2
14437,1
36767,4
11377,0
43350,1
32591,3
58972,8
33443,2
31314,0
13878,0
28239,8
43506,0
55463,14
7353,0
35586,9
58720,0
16358,0
55803,16
28457,3
19122,11
49652,0
20408,12
52028,0
49236,20
8111,12
13840,4
44529,9
59898,0
21982,2
36935,8
27847,0
28033,5
47358,10
12966,1
21976,2
15971,0
29929,4
59606,17
35912,2
54119,1
29571,1
42840,2
22199,1
54925,5
43992,5
9453,0
29743,2
3955,0
2887,1
23279,4
18838,12
44985,4
43501,0
11526,0
52473,16
32596,0
11714,0
25979,17
41400,0
50740,1
34205,3
8778,0
27420,3
22152,1
14430,1
5067,4
56685,17
39728,0
15724,1
56443,18
12501,0
26734,8
51666,7
6424,11
54126,1
30463,5
51454,0
47531,1
50586,5
36794,4
46087,1
21949,2
59853,29
10632,1
24407,0
9008,2
12165,0
26350,4
3532,0
9834,0
17417,4
6040,0
51202,5
23682,1
56087,14
41030,4
10692,0
11572,0
24695,9
33622,10
44770,1
20235,0
28058,5
48981,6
16757,2
55430,14
8348,0
31175,0
33246,0
46443,4
34063,15
12793,0
2216,13
16101,7
19975,0
46671,8
19149,0
13473,1
41454,1
14656,0
10030,0
39788,0
53357,13
7790,0
51400,0
34097,0
3330,0
29728,2
55292,14
13487,0
33080,0
51256,12
35713,1
24453,1
4743,1
11586,0
24661,13
21313,7
48975,6
26136,3
18898,0
19176,0
22139,1
26599,1
49434,1
18296,0
5830,0
33279,3
34438,0
50941,5
46824,1
8377,2
51893,10
39327,3
25778,0
9097,1
9251,0
18606,12
59236,4
51269,15
29525,4
42028,1
48512,0
18262,0
4916,0
53368,2
38239,7
15121,3
21314,7
53734,1
17676,9
22591,0
9269,0
9867,0
35714,1
54723,0
12136,0
3561,1
40111,20
4744,0
46682,8
51635,4
18854,0
56410,1
20490,2
14497,1
4112,9
26555,1
46676,8
7551,0
34256,3
33073,0
52044,0
36501,0
41661,0
22101,1
55053,14
34858,1
58328,11
22565,2
49068,2
43760,6
7909,0
56080,14
9632,0
10008,0
4911,0
45804,1
37418,2
33884,4
59467,6
21925,0
56877,1
6810,1
30857,0
31985,1
48171,2
1807,0
33428,2
7936,0
55408,14
14804,2
36368,21
58317,13
28404,7
8714,7
34867,2
58541,7
33870,4
28636,1
2820,9
8526,1
24006,0
37411,2
46486,4
56614,19
15573,0
49896,4
54527,1
25782,0
32507,11
42670,0
49862,4
7331,1
3791,0
31144,0
43564,13
10491,0
58910,21
44573,9
5654,1
52416,16
7103,2
42684,0
9099,3
27213,0
52072,0
34260,0
22305,1
16130,0
27677,2
55257,19
34052,3
18298,0
2227,1
3568,0
21913,0
57993,0
40924,3
15128,3
54518,1
50984,5
2688,0
48523,0
9604,0
42019,1
12769,0
17815,9
38466,2
41668,1
11924,1
54188,5
2218,11
35983,0
55268,14
38492,0
33846,1
43769,6
37882,13
56089,14
57967,17
39316,0
5459,1
29184,0
34409,0
46815,0
34055,3
6680,1
7752,0
2220,9
57735,14
36702,8
5005,15
53395,0
20667,0
11312,3
32190,1
33042,0
57507,11
21587,3
18891,0
28638,1
19943,2
31715,6
41006,3
51294,7
22766,0
34603,5
50346,0
46011,17
30091,2
13213,1
57197,0
53537,5
3550,1
12107,0
54712,0
30257,1
49891,4
38208,7
40312,9
4547,1
17223,7
6674,1
51436,0
24233,0
33284,0
15574,0
53361,2
4311,0
32958,0
14694,3
17011,1
51604,3
30633,0
28051,5
28263,8
58928,2
16108,7
55861,18
34856,1
17812,0
38461,2
32369,4
7799,1
3339,0
24668,1
15913,0
56248,16
30866,0
28297,7
12138,0
21914,16
38839,15
21268,2
15861,11
51923,2
48032,4
12876,1
35668,11
47248,1
20188,0
4638,1
56108,14
48664,6
59716,16
4852,1
29461,4
33933,4
43876,1
16248,1
41379,0
49114,14
49928,17
50039,5
28123,5
49326,4
20940,11
38183,7
21892,0
48469,0
42153,0
12623,0
50496,5
16283,0
4051,0
15634,0
53021,17
57481,1
40436,0
17163,0
22284,1
53445,11
32472,13
26240,5
9118,1
27392,0
35657,1
9924,2
17507,0
42537,0
13395,0
6362,1
23500,1
37332,4
32640,0
38980,0
57011,11
16421,0
55574,19
16613,3
49917,17
46163,6
15096,0
25603,4
41346,3
31455,0
50462,5
22042,0
36670,2
4899,0
56795,3
52107,0
4297,0
36442,1
5345,1
14712,0
20527,10
11260,3
24187,1
9588,0
17197,0
34749,1
58061,6
5719,0
39264,1
15892,1
46967,2
49113,19
14518,0
27508,5
34923,0
22846,1
43871,1
16841,7
50668,3
2964,1
22248,11
24379,0
9776,3
30779,0
12429,1
3842,1
53825,25
56933,1
41984,0
59147,1
59375,0
39290,1
29002,2
23538,8
5342,1
41517,7
44859,0
43240,1
50657,3
46732,3
2355,33
55117,19
31452,0
23197,0
7243,1
53684,2
52756,2
36213,0
14371,1
57016,5
31204,22
12086,0
13154,0
27361,0
50233,7
53670,2
4432,0
24510,0
32475,0
12072,0
18548,1
34782,2
6157,0
9923,2
21406,0
24948,0
37563,0
24174,0
42366,0
26623,1
17164,0
35234,1
50491,5
6701,0
47426,10
16284,0
25294,2
24346,3
10173,11
40603,0
30589,0
5945,0
33902,4
52109,0
52935,17
9586,2
36814,0
8202,0
27966,5
49919,17
58265,2
39252,1
14976,12
56905,1
52599,2
38146,20
24519,0
9116,1
29206,13
12847,0
42539,0
29034,20
15850,11
23956,0
28582,4
50498,5
54804,2
11894,11
24941,0
53813,0
45976,0
3874,0
21292,7
11407,0
25632,4
57212,3
2707,15
13350,3
46152,6
16622,3
27357,0
50205,7
46360,0
7047,1
35692,1
15295,2
39863,0
41979,0
20172,0
40097,0
10383,4
25256,2
8659,7
2363,2
16246,9
50453,5
34116,3
45175,4
15605,0
32027,13
59718,5
4060,0
45347,1
10145,1
30542,13
23155,0
39299,1
24714,1
27191,0
17704,1
35454,8
9915,2
53474,5
38179,7
53814,25
9575,2
8695,7
4058,0
51915,2
30922,3
37935,0
58898,21
48236,7
29201,13
18780,21
49122,14
14971,12
5728,1
25438,10
7843,1
12088,0
13966,0
34778,2
11269,0
16870,7
9581,2
19838,0
3887,0
10189,0
13191,1
54656,4
12043,0
7888,0
47241,1
6166,0
46393,0
59149,1
38942,0
53473,5
59975,0
52793,10
10142,1
9778,0
2390,1
29468,4
35037,3
47417,2
23152,0
50692,5
18921,0
10370,0
25097,10
5141,0
24383,0
50454,5
43271,2
27734,2
14724,23
45186,4
57443,0
10384,4
33106,1
11256,0
31235,0
13959,0
7040,1
15292,2
14340,11
53487,5
20175,0
57027,5
58853,24
20949,11
21295,7
52767,2
12285,3
55542,14
50030,3
17757,1
47027,0
5585,1
40030,0
10740,11
23750,7
9946,0
51370,0
54602,5
3440,3
32074,5
14784,0
53043,17
23106,22
12641,0
55186,18
26474,0
54054,3
56703,0
11202,4
18981,0
28728,0
13555,1
40692,1
5115,0
14542,0
49975,5
49149,14
44656,0
25453,1
58807,0
52501,0
39830,3
14314,0
46333,1
40659,0
4830,3
7689,0
3229,1
9713,0
18176,0
45925,4
45119,4
25498,11
37961,1
24778,12
17768,1
9377,13
13932,0
2559,0
39033,24
45589,1
57870,29
14119,0
58236,10
28141,5
52368,16
19262,4
13758,0
16018,3
34348,0
2901,1
8407,0
57428,0
58460,0
25834,0
4696,4
14313,0
22671,2
9189,3
31266,0
23591,8
2753,0
55511,14
39239,25
33703,1
57246,2
36271,16
20314,0
35090,27
55949,18
6797,2
15497,1
11205,4
14777,0
46750,19
19854,0
50635,5
34370,0
2105,3
13552,1
23101,22
12646,0
55181,18
1546,1
4808,3
20784,1
45313,12
24116,11
56536,14
4206,0
51713,7
30724,0
27793,10
37959,1
15235,1
53420,0
6135,0
35632,11
26225,12
17750,0
51145,13
43480,1
56360,2
5582,2
55378,18
49727,21
25833,0
36418,1
22018,0
55976,14
50438,5
27932,0
28146,5
46139,6
19433,20
8064,10
56199,6
41912,11
52539,3
58003,15
20119,0
26814,0
50894,17
9370,13
29252,1
32428,0
3820,0
17905,0
24129,0
58493,0
32870,2
59541,6
55982,14
54850,6
42109,0
33351,1
52366,16
50431,2
7673,13
27563,0
50603,5
43214,4
27751,10
39459,0
52968,17
52154,0
15693,0
36411,13
44031,19
14741,0
7025,0
22647,2
5772,0
20110,0
14325,0
39801,0
58238,10
5540,1
36247,0
4492,1
49944,3
51187,5
42590,0
50869,17
9977,20
23761,7
47224,9
8099,4
40001,7
4654,9
35436,3
6331,0
47016,0
17766,1
3643,1
52392,16
7687,3
54065,1
12670,3
23305,0
46792,8
19896,12
18178,0
26677,11
12442,10
10315,4
31861,4
55518,35
14128,3
37198,15
13903,1
49375,1
9180,0
1789,1
33960,3
28726,0
34379,0
28514,3
13769,0
49523,2
39654,1
52359,16
41588,0
45914,4
17933,0
9722,0
4801,0
40668,0
59745,5
28184,7
24749,1
53429,0
12019,0
48253,0
9174,3
47647,1
23302,3
51722,7
46795,1
23130,2
42107,0
32614,12
44694,0
15036,0
23554,8
3644,1
28980,25
18729,0
36086,20
39208,1
25657,4
48891,2
2762,0
9984,0
31257,0
57879,29
6594,0
7446,0
27756,10
19059,0
40496,0
33958,3
21693,4
7674,0
37957,1
29263,1
51379,3
9173,3
48254,0
26825,3
30940,0
18372,5
42138,1
21658,5
53278,0
4208,0
52198,6
59570,24
3811,0
35258,0
17934,3
22029,0
39461,0
59584,24
14779,0
49716,21
20128,0
57846,2
49372,1
19402,0
27903,3
8267,2
48092,0
14913,0
58200,1
28326,11
46359,0
12089,0
28114,5
19653,0
39254,1
52759,2
20379,0
28570,0
3288,0
27538,0
5943,0
39630,1
11268,3
50658,3
28742,0
29456,4
47429,2
22882,9
43089,8
18311,0
59721,5
53029,17
3872,0
20983,12
6158,0
12841,0
26248,0
27994,5
22247,11
3085,0
55315,13
48698,6
43270,0
33107,11
5372,1
36475,0
57670,18
5140,0
14517,0
4092,0
22075,0
50455,5
43042,0
20346,0
13356,1
13958,0
16416,0
33563,0
14341,11
5716,0
41385,0
15869,9
15055,1
37305,4
47240,1
9913,2
10715,2
4630,11
28789,0
56564,14
5988,0
10143,1
22081,0
42958,12
6731,1
3243,1
2391,1
46198,6
15851,9
13994,2
51779,5
49786,5
6709,1
50499,0
22885,9
23957,0
33903,4
28745,0
42994,1
8667,7
49540,2
34914,0
5944,1
28113,5
18786,10
50835,12
46950,2
41349,3
38381,12
7845,1
32214,0
15604,0
4253,0
9128,1
54650,4
38178,7
15260,1
39896,1
38944,0
41382,0
35455,8
3620,11
6194,0
35693,1
22624,0
8832,0
43613,0
19459,0
49329,4
31233,0
11634,4
39862,0
52553,3
57213,3
36224,1
20341,0
49927,17
16623,3
25257,2
5147,0
22072,0
46537,4
55120,18
43045,0
46705,8
34325,0
33100,1
41520,7
3843,1
30778,0
59522,6
4854,1
5986,0
4068,1
18320,0
48450,0
23961,0
9777,3
38343,0
26877,0
27199,3
12870,1
29231,1
7887,3
26279,0
48206,7
14941,3
28125,5
49112,19
20946,11
5718,0
52902,17
25850,0
5972,0
28541,0
51589,3
8651,7
6156,0
12073,0
42703,7
30323,0
51126,17
47043,3
56303,5
20383,0
37334,4
21251,2
50490,5
25295,2
32222,0
40602,0
21407,0
17165,0
23350,5
18911,1
51770,12
2192,5
26622,1
50464,5
30581,7
10186,0
11868,9
52333,2
58609,6
36444,1
37596,0
20521,2
34313,27
7414,0
27704,2
42393,0
57017,5
5727,1
20145,0
38986,0
36020,12
8804,0
13969,1
33760,0
11430,0
20377,0
1989,0
5149,0
49571,12
28774,0
56599,19
20519,12
24985,0
12883,1
7874,1
40098,0
38182,7
41378,0
11408,0
28122,5
54498,2
6952,0
56109,14
4639,1
41982,0
46995,0
18327,0
50007,5
40295,11
11437,0
20370,0
57010,1
58058,6
22615,0
34770,2
50235,7
43622,0
24186,1
25868,2
52106,0
5344,1
50651,3
28579,4
34126,12
7621,2
2353,1
25266,2
4898,0
40437,0
57480,1
24172,0
15635,0
35000,0
16282,0
3275,0
10175,1
59728,5
35464,1
55581,19
32641,0
53676,2
15063,1
58890,21
32473,13
14383,1
15251,1
29209,13
35656,1
43676,0
57878,29
20116,0
36073,2
33501,3
14111,0
20324,0
5546,0
24784,12
25656,4
7211,0
17794,13
44205,11
25232,2
19058,0
50605,0
34340,0
7447,0
36417,1
14747,0
53080,2
25000,3
57420,0
21666,4
6753,11
7681,13
9529,3
18942,0
51723,7
54635,4
53410,0
37969,1
32427,3
54407,2
30142,0
49717,21
49525,2
22814,3
6798,2
30189,2
5579,1
57847,2
29296,0
48067,0
29050,0
49989,13
45778,0
3448,0
6906,0
4209,0
24925,0
17109,10
12649,0
54860,6
1549,11
4467,1
38328,0
3642,1
28986,25
35437,3
26212,8
54632,4
9976,0
28388,7
40000,7
18179,15
19897,10
40464,1
45324,1
41784,15
17303,13
35053,1
51516,4
43215,4
8408,0
34347,0
22222,0
36410,13
52155,0
15692,0
53087,6
32282,4
25235,2
55142,18
5541,1
11464,0
42591,15
13333,0
49945,5
13101,0
22646,2
23794,11
18374,5
54867,6
51529,4
58696,0
37509,4
24922,0
9511,0
19094,0
3817,0
18522,0
8295,0
43488,0
18710,3
37199,3
7827,0
9181,0
55519,14
3689,1
31860,4
14915,0
59582,24
44833,0
49710,21
28727,0
46758,8
14782,0
15650,0
53879,11
24117,11
30725,15
29608,0
18973,0
46597,1
20785,0
21657,5
56705,0
26016,2
12223,3
6306,0
35401,1
59329,1
11694,0
56153,19
32416,0
59927,0
10746,11
30341,0
9940,0
35633,11
43475,1
28944,3
3680,0
56395,8
58801,0
13137,1
27302,0
17597,7
33154,0
13553,1
46751,19
27554,0
55948,18
44234,1
5113,0
15496,1
33366,2
51349,1
29253,1
36089,20
26029,8
39697,0
48432,0
30528,5
55983,14
35268,0
45923,4
5910,1
49514,4
22825,1
27759,10
7449,0
39451,0
28375,7
8859,0
57876,28
37993,12
55173,18
27553,0
34978,0
46564,4
6791,0
50401,4
5114,0
25204,2
57416,16
16026,0
28729,0
5742,0
13130,1
30180,2
19638,0
55517,14
34520,1
23597,8
49974,5
45785,1
58208,12
56392,8
10587,4
21006,12
10741,11
30346,0
54603,5
3441,0
17564,0
47026,0
30948,0
45771,8
21234,0
53614,4
17332,7
32849,1
24110,11
40455,1
56530,14
3819,0
36248,0
58237,10
14118,3
14924,0
50866,17
19607,0
31851,4
7218,1
2558,3
22648,2
16825,0
53089,6
57429,0
52967,17
59781,6
43815,6
28524,0
58495,0
53841,0
14588,12
38742,2
10128,1
32278,1
42933,2
56359,2
18721,0
8096,4
9978,20
11810,0
5935,0
34159,0
55952,18
46579,4
16209,0
31619,0
19073,0
2922,0
29282,0
13911,1
36058,2
56981,1
20901,1
39010,0
14906,10
31873,0
48241,0
42549,0
15478,0
45308,12
23926,1
34991,17
54874,6
7498,0
32854,1
33986,0
39480,0
28961,0
22467,0
36067,2
52522,3
31242,0
19428,0
13112,3
2545,11
22655,2
16460,0
34730,10
15681,3
25014,12
57434,0
27743,2
55363,18
12696,1
46546,4
33343,1
21440,12
37525,0
47652,0
12662,0
34192,0
7695,3
32265,13
56720,1
48870,6
15023,0
40221,12
32601,0
24556,0
56176,14
32433,0
43696,0
29249,1
51353,3
9965,13
48622,6
4028,1
59750,5
20798,11
18360,13
54873,6
3669,1
18704,5
31880,0
23579,8
48246,0
37945,0
11689,0
36897,4
14901,10
19622,0
28959,0
58444,4
53890,2
5932,1
49536,2
55955,18
5793,0
15216,2
10764,0
56171,14
51354,3
23774,7
35423,1
47003,0
56343,4
11484,4
42115,3
26450,1
29418,4
35047,0
4017,1
14592,12
37710,0
1565,2
10300,9
1757,0
33182,0
26662,1
6572,0
43033,0
22838,1
19279,4
5303,2
14754,0
53093,6
11226,4
43201,4
14330,1
39814,11
20939,2
25477,1
8078,11
13115,1
16467,0
8844,3
28368,7
13929,0
28966,0
14102,0
15811,5
24558,0
37973,1
9157,0
17548,0
38563,3
52980,17
3835,1
18356,13
9701,1
23917,1
42920,2
59766,6
39683,1
52148,0
19042,1
13578,0
28705,0
12698,1
55963,14
34168,0
11821,1
9391,1
46910,3
29081,10
41309,0
33729,12
41907,8
36069,2
14339,11
19426,0
49356,1
28361,7
37726,0
21643,5
33386,2
32254,0
12653,0
30731,14
27786,10
15644,3
30355,0
9954,0
17577,3
21015,2
15220,1
32402,0
40022,0
4445,1
15012,0
40210,21
51150,13
43653,0
22664,2
4683,2
24593,0
58815,1
44644,0
33716,2
10594,4
57253,2
13311,0
27918,3
7234,1
46113,1
14550,0
20765,1
33372,2
11022,0
7650,0
46577,4
6782,0
12495,0
7462,0
14762,0
20557,2
39026,4
8076,1
28366,7
9998,0
39214,1
22836,1
55964,14
36638,12
6588,3
35875,0
55990,14
38756,2
32862,2
42329,17
18163,2
48613,6
57891,19
9150,3
26208,8
15816,5
32608,10
46742,3
7465,0
44015,6
59598,0
33147,3
57402,5
58678,0
57630,29
26495,0
46570,4
22035,0
44643,15
14133,0
56386,8
11441,0
29885,7
31274,0
17584,13
16456,0
52514,5
14301,0
53600,4
15829,0
12230,0
48846,6
23745,7
10755,1
26653,1
12466,21
17928,3
6543,0
53056,17
21476,0
1766,0
32253,0
42124,1
42918,2
22061,0
29489,4
7603,1
34938,0
9799,0
2371,1
37781,0
52316,6
14731,0
52124,15
45193,4
22253,1
8479,15
2143,0
30796,0
58846,24
50217,5
13170,1
7267,1
12290,3
25620,4
15889,11
52772,10
39885,2
53466,5
9907,2
23711,7
46386,0
55791,16
34594,0
47066,3
12264,0
56326,4
24706,11
10533,1
4416,0
45731,0
35022,0
47402,2
23147,0
11085,0
32207,0
24150,0
10365,25
37547,0
3859,0
18934,0
47630,1
38392,0
40288,11
8210,1
22608,0
54688,0
6984,0
3892,0
2940,0
34309,0
8446,0
49761,3
9594,0
52927,0
45990,17
5359,1
39624,1
34907,0
43069,0
48481,15
29670,0
2188,20
24953,0
15628,0
10168,1
11886,1
42973,0
28590,12
22896,1
14990,0
24739,2
58283,2
20399,2
53459,1
38968,2
35217,2
18933,0
12435,13
9558,0
35025,0
17711,1
34593,0
7294,0
27184,3
18759,0
54476,2
12263,0
42513,0
1163,0
10706,4
4623,0
39882,2
53461,5
51336,13
6948,0
43435,0
13345,3
12297,0
8228,2
31015,0
39278,1
44610,1
20355,0
25415,1
20167,0
34755,1
50210,7
27342,2
13177,2
14736,0
44046,8
16061,3
43263,0
30791,0
55134,18
43051,3
2376,1
41706,1
25243,2
23729,7
18554,1
9103,9
19486,5
20990,12
38153,0
14997,0
27987,5
18766,21
12638,0
35826,1
42148,1
8687,7
30568,7
23943,1
29677,3
24954,0
25886,2
4882,0
58614,6
42980,5
55339,19
27719,2
9593,0
13974,11
49302,13
31218,1
59190,11
39247,1
10502,0
33780,13
37320,4
30939,0
13989,1
58883,21
56125,19
59951,8
56919,1
18905,1
17171,0
48649,6
12403,13
26636,1
32004,13
24161,0
15626,0
1531,0
40616,0
4043,1
22898,0
42141,1
50642,5
27710,2
8448,0
11272,0
25275,2
56787,0
43067,0
31447,3
57231,2
35483,1
50014,0
31023,0
49139,14
16433,0
33546,0
57003,1
38992,0
36034,12
45169,4
3857,0
41991,0
18562,1
30308,0
26863,3
17718,0
30906,0
19682,0
18750,0
38357,3
15873,11
59360,0
20952,11
36837,1
41159,3
57800,29
12890,1
55559,14
44619,11
14169,12
55901,18
22853,1
5966,0
25844,0
2971,0
30798,0
19020,1
31216,1
27373,0
39249,1
20364,0
49902,4
16606,0
46176,6
7251,1
34556,2
8219,2
31024,0
26093,0
27141,5
43404,13
36665,2
52320,6
20700,1
14535,0
50477,5
2347,0
43060,0
3295,1
17182,0
51797,0
45999,17
4282,15
5350,1
33919,4
32231,0
1536,0
24354,0
10161,1
5196,0
23171,0
42146,1
35828,2
6521,3
47606,1
11281,3
38539,1
15621,0
25888,2
56122,19
38961,0
15245,1
15077,0
35470,1
17720,0
29813,0
55595,0
30102,3
41708,1
58625,6
31827,4
26890,0
34569,0
57209,3
21289,7
8828,0
31229,3
13179,1
29010,2
26058,0
15874,11
15048,0
59969,15
56921,1
12863,1
48215,7
18565,12
3850,0
43897,0
4847,0
1758,0
24906,0
32863,2
3833,11
29625,0
18350,13
48420,0
23911,1
9707,9
4018,1
23549,8
18734,0
51955,2
15817,5
59304,0
6119,2
12800,0
29241,1
8083,1
27921,3
28155,7
31844,4
28969,0
8245,11
20936,2
5768,16
46318,4
19420,3
8077,11
33179,0
38591,0
52972,17
19878,11
2915,0
35880,0
58646,0
17571,0
12003,0
31281,0
11686,0
57093,3
25681,4
40216,21
24753,3
15014,0
47033,0
30161,10
43493,0
15470,0
3202,0
54040,2
34397,0
56525,14
11024,0
41754,0
22034,0
16201,0
7656,13
49539,2
31423,0
27546,0
2324,0
19847,0
22206,0
16033,0
31611,0
2116,3
43231,1
25023,0
59599,17
36434,1
7000,0
31275,0
39824,9
56989,1
46115,1
7232,1
2740,15
1599,2
44810,0
2912,1
28704,0
8414,0
39020,4
37986,0
44448,9
19427,0
28152,5
50874,17
19615,0
8242,1
21817,10
37972,1
47239,1
30159,10
9364,13
53639,1
26458,1
35873,0
59767,6
45338,1
49966,5
2747,0
13122,9
24592,0
39823,11
11211,4
14763,0
20556,2
52176,20
25216,2
15483,0
52344,16
35084,21
16206,0
34156,0
7497,3
34390,0
17112,2
1760,0
40447,1
41595,0
53050,17
52182,1
15645,3
4020,1
15013,0
35414,1
43494,0
42546,0
8887,0
29279,0
12838,0
35626,9
9169,3
11681,0
24566,0
21014,8
15221,1
53434,0
28356,7
25449,11
39016,4
14900,10
28164,7
43469,16
40688,1
27548,0
2118,3
8422,33
19075,0
11218,4
58445,4
34997,17
12831,0
6128,0
37944,0
21821,10
36298,0
23578,8
18705,5
6587,0
46772,8
27745,2
18198,3
46540,4
2315,0
41765,15
25220,2
11015,0
1590,1
11829,1
22461,3
9399,1
13326,0
24796,25
41301,0
11471,0
33513,1
58822,4
14331,1
44441,9
13928,0
9997,0
31244,5
43664,0
2543,11
22495,1
12200,0
2785,0
15819,5
56342,4
44687,15
24550,0
38933,3
5792,0
4640,1
21022,0
6117,11
23775,7
3465,20
12032,0
10301,1
21446,0
17124,2
42326,17
12456,12
26663,1
23123,11
35046,0
30534,5
32263,0
24306,16
52386,0
14593,12
38305,10
18702,5
48072,0
18968,0
7499,0
38761,1
54049,3
2923,0
16806,15
44821,1
53896,2
59590,17
52178,1
33973,0
25218,2
54881,6
34158,0
46578,4
58214,3
45799,1
7009,0
34193,0
23124,11
27584,0
30533,5
42113,3
20593,10
23316,0
26664,1
24557,0
40012,7
5795,0
15210,0
4647,9
6110,0
12035,0
3462,1
47005,0
31085,0
57297,0
45752,0
33514,1
25471,1
41908,8
46311,4
7036,1
13113,3
49957,3
51194,5
50046,5
55534,6
20331,0
34167,15
50422,1
12697,1
35889,25
41762,0
20755,1
40482,1
25829,0
20567,2
53095,6
19871,11
7452,0
2120,0
43207,4
26690,9
3052,0
18903,34
17177,0
51762,1
45150,4
53809,0
21627,5
37742,0
24355,0
14998,0
13381,1
17721,0
6376,1
26254,3
12061,0
30331,0
38960,0
56123,19
36200,0
33772,2
39248,1
12095,0
2510,1
22600,0
7062,2
20157,0
5735,1
58871,24
49769,0
7406,1
33918,4
44076,8
48489,0
46513,4
58086,6
18564,1
6947,0
29223,13
46980,2
6349,11
37319,4
59366,0
42178,1
4846,0
4248,0
9557,0
17974,9
47638,1
3851,0
9791,0
2379,1
34930,0
49564,2
41709,1
58072,6
52548,3
38197,7
21886,0
31228,3
18590,13
19670,0
16638,0
31826,4
57208,3
52326,6
14533,0
30594,20
7633,3
13524,0
16056,3
37583,0
20534,10
12092,0
7065,2
44415,1
14365,1
52570,2
33547,0
14157,24
20362,0
44627,3
11425,0
28933,0
43402,13
50829,12
49904,4
6385,1
35644,1
9937,0
47264,5
53456,11
15243,1
58882,21
38369,12
10503,0
46184,6
17726,0
23177,0
35012,0
30752,0
3055,0
51765,12
4270,1
56540,14
8220,1
14168,12
36238,0
36836,1
7866,1
50218,12
33920,4
30799,0
16855,7
11842,1
15618,2
59537,6
44886,0
9762,1
42943,12
29472,4
46987,2
47069,3
30907,0
38958,0
53469,5
5704,1
20166,0
21888,0
35686,1
54483,5
52774,10
51595,3
7605,1
14505,1
52310,6
24390,0
25242,2
31642,0
49758,3
7437,0
46710,8
3251,1
26433,2
35024,0
47404,10
37541,5
53004,17
45161,4
36493,0
12434,13
26601,1
3063,0
23373,5
18932,0
59966,15
56112,14
6949,0
23717,7
51337,13
51939,2
29823,0
45737,0
4410,0
15047,0
24700,1
28750,0
34901,0
28562,0
18793,2
49303,13
28334,7
8818,0
57837,2
20159,0
37328,4
14996,0
18767,21
48017,4
51906,2
26068,0
29020,3
9102,9
23728,7
7098,2
39080,3
37926,0
38152,0
16897,7
31689,1
9566,0
47609,1
45962,0
5199,0
1539,0
12639,0
48473,15
29444,4
16299,0
12265,0
17717,0
30909,0
23522,8
34595,0
47067,3
56115,14
59961,8
26262,0
6172,0
53003,17
21423,0
25083,22
54226,3
3858,0
16093,7
6516,2
49599,1
30551,0
35023,0
22094,1
54828,2
6724,0
4073,1
32206,0
57457,2
10390,4
56585,19
55300,19
17989,12
43265,0
16067,3
22060,0
27176,0
19679,0
55556,19
22404,0
53493,5
58847,24
33576,0
18599,11
27344,8
31221,3
50216,10
7054,0
11887,1
17942,0
24952,0
45965,0
30338,0
42718,1
29215,13
12854,1
4428,0
9337,0
13388,1
51901,10
54689,0
22609,0
36209,0
44629,3
50827,10
8211,4
28101,5
5956,0
19222,1
8675,7
34906,0
8447,0
16058,3
16318,0
55843,18
54991,0
28625,0
16916,0
43328,0
39565,1
52068,0
19506,12
7925,0
56890,1
2659,2
50955,3
51887,10
19734,0
9077,3
59010,1
15931,0
16788,4
18612,0
48162,10
12328,0
59646,17
29531,4
18276,0
34880,2
48506,0
17830,1
10229,2
33897,4
32945,1
2666,2
31161,0
24681,12
5443,0
11754,0
57141,3
7126,3
43773,6
3586,1
57525,1
40592,0
11330,3
14642,0
19961,0
22320,0
16115,11
22112,1
27460,5
43125,2
57717,14
25337,4
14470,1
5027,3
33094,1
56403,1
35363,1
30611,0
13493,2
17201,0
23808,1
10818,0
54502,2
29956,7
3740,20
53727,1
10672,0
38018,4
57989,0
17457,4
47327,2
43787,6
26310,5
12125,0
42209,0
18043,2
38444,2
39596,1
32942,1
24229,0
58793,0
59641,17
4139,1
17239,0
47549,1
23830,11
6038,0
37854,2
20219,0
43579,0
48191,2
16549,0
46239,0
42699,1
57179,0
50738,1
49615,1
54398,2
44936,1
33864,9
21132,0
5682,1
37057,12
48368,0
17662,1
6235,0
22585,3
54505,2
26125,0
31192,22
3747,0
11595,0
21300,7
7783,3
17206,7
26541,1
10023,3
38649,1
41681,1
10211,2
56404,1
52898,17
37433,2
4334,11
51621,4
12546,0
46450,4
12780,16
19368,1
43122,8
2205,0
57710,14
33067,0
52050,0
55275,19
25566,1
7121,2
17696,1
46034,6
9289,0
27003,3
33631,2
12319,0
49081,14
57389,5
59021,1
28284,7
18411,1
23208,0
26548,1
4933,15
15558,0
35399,1
22920,4
50158,1
27836,12
8352,2
33638,11
49247,20
8160,0
10015,0
33297,0
4130,1
30412,3
7587,1
56432,19
15755,5
52092,0
29369,0
23653,0
26321,3
10643,0
11791,0
32513,11
4766,0
32721,5
17654,1
57342,5
56290,5
14025,3
49876,4
22547,5
53386,1
43928,1
16316,0
22311,1
19950,0
46654,8
54391,2
31706,6
12584,0
32183,11
57514,1
37891,13
39137,25
57974,17
58100,2
46208,2
28277,7
7913,0
49240,20
19702,0
28421,7
5812,0
44309,3
44907,0
38481,0
28613,1
16920,3
55881,18
19392,0
4934,15
38647,1
52896,15
45821,1
53944,2
48702,6
42238,0
21900,0
12910,0
28283,7
8193,0
3749,0
48154,10
38223,7
10449,0
34273,0
22316,0
57721,14
36716,0
20217,0
49871,4
7322,1
29994,4
31157,0
28846,0
57177,0
56899,1
36140,1
40306,9
56263,16
37254,1
21331,7
6204,0
50194,0
17653,11
54534,1
6036,0
2496,1
48359,2
32514,11
56051,14
10220,2
14680,0
32342,4
38678,10
20687,1
17237,0
3312,1
12745,2
29598,0
51482,3
36742,3
37690,2
25355,5
5879,0
45082,0
56495,18
43375,11
55210,14
28678,3
22342,0
40194,0
33466,12
25503,15
46263,0
34643,1
12381,0
49019,6
49825,11
47183,1
21391,0
53577,4
21157,0
40160,3
3510,3
13095,0
9218,1
29108,13
17607,7
47177,11
4507,1
2294,0
26524,1
12711,1
24273,0
53113,0
5283,0
56461,18
25193,2
1623,2
44998,6
10274,1
14875,39
31900,5
33459,12
16974,9
28647,0
25964,0
39507,2
48590,6
31558,3
8765,11
55821,16
2099,0
49684,21
25990,8
45049,11
11399,0
38421,12
59624,17
48564,6
35930,1
29553,0
59240,4
51811,16
35568,1
29137,7
42608,6
19590,0
56806,0
21954,2
15701,0
25194,2
40503,4
30674,7
18822,10
6401,9
29759,4
2293,0
3341,0
22183,1
45243,4
21706,4
4958,0
10041,0
24274,0
42402,3
53742,3
10425,0
24610,0
41889,3
15365,1
45415,1
24422,1
32547,8
56002,14
31104,0
49822,11
34476,0
5426,0
44701,0
57316,5
13066,1
7143,0
52032,0
5270,2
44157,8
25160,2
11355,0
2055,0
19138,9
55217,14
3187,1
50765,9
2869,1
22345,0
27405,3
23899,9
42092,11
55025,14
50557,0
17290,0
51485,3
7715,1
11167,0
19597,0
6866,16
1871,0
45618,1
14886,2
51816,5
11990,0
59623,17
10842,0
5089,0
42059,2
22980,1
29554,1
48751,6
18021,12
16987,11
24845,0
11158,21
33208,0
50568,5
43943,1
55826,16
55228,8
8550,0
51688,7
44168,8
39500,1
6892,0
47389,2
39958,9
38284,0
19751,0
42606,6
47374,2
45423,11
20888,1
12512,1
31790,0
54307,5
6437,11
57582,14
24070,1
1612,0
5080,4
4152,1
13434,0
46636,8
51681,7
17094,10
4394,0
36541,10
56696,0
27433,2
43176,4
22141,1
52652,2
14047,0
5410,11
44737,1
25700,0
26185,1
32585,3
25532,0
36919,10
33457,2
29562,1
23058,0
44996,4
17863,5
54338,0
18017,12
6408,9
38848,0
21965,2
42639,6
46299,8
18641,0
47945,2
9216,1
30817,3
4509,1
1847,0
57911,13
58165,2
21991,2
20843,1
58959,8
26388,0
19767,4
55448,14
27854,0
22942,4
34827,1
17299,13
28444,2
58501,5
25955,23
44962,4
19131,11
49641,0
17897,0
48793,0
2860,0
43727,6
31307,0
46255,0
38884,0
52655,2
20275,11
14040,0
41242,12
25707,2
6292,0
31909,5
45286,4
56691,0
3384,2
22146,1
20423,12
58539,7
37652,2
21737,1
45272,4
4969,0
23060,0
47525,5
31797,0
44192,11
15730,1
1615,0
38428,2
10242,2
45424,1
14286,3
37004,2
40156,0
45616,1
37236,10
20281,1
53773,0
26176,1
44965,4
22945,4
28027,5
25738,10
39969,1
57916,13
13068,1
31338,3
49222,13
28215,8
12986,1
48136,10
59276,4
59044,1
10619,1
23609,8
45843,0
17864,5
2893,1
17058,12
12718,1
29565,1
42854,2
59612,17
5884,0
38625,0
47579,1
29506,4
4109,9
10810,0
3748,0
51844,15
48155,10
9272,11
57981,0
37864,10
46807,1
28878,3
13239,0
29196,1
28044,5
17699,1
30887,0
27830,12
39304,1
39136,25
13837,4
33854,1
52863,6
22926,4
49417,1
28420,7
42662,0
6037,0
56050,14
36989,2
5480,11
21330,7
49884,4
51047,5
47122,1
4136,1
20686,1
38679,10
12744,2
47546,11
17838,1
17004,1
45023,4
15753,5
10221,2
36717,0
50737,1
34616,5
28249,8
44561,11
56898,1
20818,1
33433,2
57176,0
41221,11
3783,0
30084,4
22541,1
34424,0
28427,4
46458,4
57718,14
32981,0
25936,23
58562,3
33853,1
49622,1
44559,9
49074,18
22579,0
21906,0
56068,14
18410,9
35708,1
12318,0
21308,7
38225,7
15901,11
19394,0
39793,3
52890,17
9423,0
57343,5
3784,0
27034,1
48199,7
7324,9
34423,0
50166,1
19509,12
42691,1
7116,2
17493,11
34611,5
5641,1
39932,2
33434,2
22310,1
36522,2
14672,0
32182,1
33050,0
52255,5
25307,10
33262,0
2232,0
8708,7
43929,1
16317,0
30621,0
19199,0
23236,0
7586,1
45024,4
32176,11
45216,4
10828,0
56601,14
54156,6
48509,0
12743,2
26112,0
16787,4
49883,4
30245,11
41821,1
14811,2
13208,1
43578,0
8365,0
46836,11
28075,5
38683,5
22917,1
19356,5
7749,0
43920,15
49614,1
28623,0
25900,3
4904,0
13698,2
34886,2
9627,0
42806,5
48732,6
29705,0
33891,4
56862,1
11799,0
36987,10
40309,9
9243,0
30842,0
48958,6
57523,1
44908,0
55274,14
34243,0
22928,4
13653,1
7776,1
36726,0
57711,14
27002,3
50150,1
16745,2
14012,0
11560,0
41210,1
56095,14
57147,5
33402,2
46207,6
8954,3
2694,0
31193,22
12311,0
48967,6
17663,1
26918,0
44796,5
10674,0
54736,1
24819,1
15762,5
52899,17
27492,5
34085,1
6650,1
17207,7
38648,1
10022,0
41680,1
5489,0
25799,2
30845,0
29154,0
19197,0
18045,10
7588,1
10228,2
59647,17
49613,1
19163,0
2832,1
20449,2
59481,6
39564,1
53389,0
57729,29
39332,0
2658,2
19735,0
46831,0
49879,4
8150,0
44568,9
3325,0
23809,1
55889,18
51415,0
34082,1
37607,0
21762,12
10025,0
45829,1
56066,14
32523,8
43786,6
50391,4
26123,0
29957,7
31194,10
48960,6
47114,11
44791,5
39903,1
20012,0
30280,7
7127,0
43540,4
55425,14
50157,1
46032,6
22577,0
14015,0
33637,4
43124,8
22113,1
16326,0
28429,4
5026,5
36513,12
15791,5
52056,0
38489,12
57524,1
25104,12
41441,1
43316,0
22321,0
18812,12
12514,1
42264,3
10243,2
53918,2
15731,1
45041,4
37653,13
36781,4
21736,1
43184,4
59248,4
21352,7
47140,2
48934,6
35560,1
18678,5
30012,4
48108,0
17402,13
6055,0
7187,3
26345,4
12170,0
56032,14
15355,1
25706,0
57326,5
20274,1
49812,11
28825,3
22711,1
27263,0
2859,0
17092,10
19108,0
2065,0
57570,14
37495,4
14617,13
4392,0
22147,1
50567,5
31550,0
27435,5
40168,7
3518,0
30811,3
59277,4
9674,3
38624,0
57789,19
59613,17
24049,0
38416,12
29756,4
17059,12
2892,1
48761,6
50558,0
8752,11
49475,1
34821,1
2268,0
5871,1
11954,1
19137,9
36920,10
39968,1
52459,16
28026,5
46865,13
39366,4
5849,0
11150,4
46405,0
23092,1
13607,5
7510,3
34217,0
13435,0
2062,0
57577,14
25157,2
14610,13
8900,0
54796,3
7948,0
41244,12
11534,0
52653,2
53781,0
27056,2
19759,4
31133,0
12177,0
56035,14
10620,1
45422,1
53775,0
1879,0
48933,6
35567,1
51022,5
10076,0
32326,4
15504,1
45274,10
11998,0
51446,0
47523,5
3376,1
22988,3
3978,0
22386,0
42263,3
10244,2
24071,1
27855,0
31930,2
50907,17
46862,13
49016,6
36329,1
44709,11
14079,0
36927,8
39153,0
41049,4
58164,10
6099,0
28213,8
12980,11
18486,3
25168,2
39537,5
52806,10
28677,0
19302,1
43148,4
38411,12
2895,1
18016,12
29563,1
42852,2
43980,8
49486,1
9673,3
40739,11
32319,4
15963,0
24618,10
59042,1
40953,0
9819,0
12974,1
53585,4
57919,13
49823,11
47185,1
39368,2
36320,0
17291,3
7714,1
46433,4
16343,0
2266,0
58509,0
5271,2
34221,0
19905,2
7526,0
13403,0
2054,0
30681,7
47515,5
57787,19
24047,0
53115,0
6400,1
29758,4
35307,6
45414,1
15364,1
23606,5
26146,3
29932,4
30023,4
53743,3
52691,4
28641,0
27609,3
45887,4
14619,3
39733,0
41629,3
43942,1
31906,5
34448,1
8307,1
8909,1
28225,8
13058,4
58152,20
37239,1
58394,0
27897,0
12942,0
9013,1
32579,0
3971,0
18020,12
56458,18
24078,9
25398,2
38615,0
28487,0
35936,1
22981,1
8797,0
7383,1
6251,0
47176,11
17606,7
30818,3
9219,1
1848,0
32541,8
17434,4
56460,18
10275,1
1622,0
5282,0
26717,0
42060,2
57780,14
10047,0
45245,4
21700,4
10281,1
44151,8
43374,1
50551,3
46434,4
7713,1
27403,5
9689,0
2261,2
26989,3
46050,6
47182,1
12380,0
11505,1
58358,0
44535,9
53582,4
8931,10
34642,1
31330,1
43710,6
10844,0
23068,0
8790,0
3976,0
29760,4
38420,12
45048,4
12945,0
9828,0
12179,0
19591,0
6860,15
26942,0
9226,0
39162,0
11708,0
36916,10
58155,2
18685,5
39734,0
58703,0
28474,0
19333,0
49671,7
52837,6
45880,4
46828,1
29985,4
52626,2
45691,3
4784,0
33423,2
43754,6
50343,0
22763,0
7101,2
20450,2
33047,0
19946,2
22135,1
50515,5
6685,0
15585,0
25310,4
45033,4
39589,1
3131,0
34296,0
3303,1
51433,0
4126,1
24236,0
30060,4
47132,2
15115,3
21320,7
15929,2
56272,5
10467,0
40317,9
59834,0
47300,10
8981,1
34853,1
8512,2
26798,0
19979,0
38490,0
34639,1
57159,0
39314,15
50972,5
13229,3
19713,0
8344,1
17689,1
6824,9
26308,0
37874,10
9606,0
17817,9
30609,3
29724,2
46689,8
59453,0
53535,5
38804,0
32502,0
59833,0
12105,0
8986,1
17645,11
45662,5
21327,7
56275,5
24655,13
12753,3
18269,0
53363,2
37626,0
45206,4
4121,1
40774,1
56611,19
7596,0
43939,1
14450,1
14662,0
20457,10
36532,2
11310,3
52413,16
41004,3
57161,0
58915,21
50344,0
29982,4
27818,12
16763,2
49867,4
18858,0
58586,6
38463,10
32159,13
10807,0
45239,4
41699,3
23817,11
18632,0
48370,0
6823,9
17448,4
47338,2
56078,14
24458,11
38007,4
58324,11
41209,1
2679,0
27827,12
28053,5
49858,4
31942,1
48384,3
27229,3
23689,10
19142,9
43308,0
25926,0
58740,0
11921,1
59692,5
16338,0
46448,4
14492,1
37610,0
32362,4
10032,0
34095,15
17217,7
12557,0
19983,0
51630,4
10200,2
26306,0
30263,1
50386,0
17441,4
6016,0
10664,0
24451,1
45654,5
15124,3
57391,5
3756,0
49099,19
2684,0
26908,0
13015,1
22752,0
57157,0
14002,0
5455,0
24697,0
55432,14
16755,2
29188,2
49851,2
7302,0
17687,1
32396,0
50524,5
43301,11
18604,12
59006,8
38031,4
2489,1
18436,2
12568,0
23821,11
42816,5
4914,0
52842,24
41469,1
33049,0
53990,2
16900,0
2825,1
18294,0
8711,7
55069,14
40789,1
8375,0
31974,1
28257,8
13476,1
43306,0
15781,5
14653,0
44123,8
14461,1
25326,4
33243,0
54183,2
47594,1
16336,0
57362,5
14839,10
11577,0
2677,0
27829,12
3597,1
22755,0
8943,0
50375,1
52422,16
37889,5
56082,14
10451,0
56244,16
31184,22
48970,8
6223,0
30264,1
6011,0
9865,0
57998,15
4746,0
21124,0
40113,20
56076,14
32533,8
42220,0
3107,0
6475,0
51637,4
15775,5
56412,11
10207,2
4110,9
45237,4
41697,0
40745,20
23819,11
54177,2
26557,9
6647,1
34092,0
8140,4
46821,1
50178,1
14806,2
34865,2
8716,0
46479,4
5009,0
39746,0
18267,0
33288,0
14698,3
56875,1
24469,11
36990,10
6812,1
48341,6
8988,1
47309,2
48173,2
16799,3
30855,0
21329,7
59233,4
15920,2
59293,4
31927,2
8326,0
46875,13
12997,1
21987,2
7538,0
19127,11
16953,7
29580,0
55806,16
9690,0
28694,0
17049,11
48771,6
8584,0
56479,18
24059,0
41298,0
15974,0
30801,0
18657,1
29322,0
23618,8
3508,3
40944,0
59055,1
34032,0
27425,3
48588,6
41637,0
4382,0
14607,13
46620,1
13422,0
58970,8
36133,1
31918,10
34456,1
53796,0
36301,0
56022,14
21170,0
42610,6
27287,0
27889,0
42422,0
51809,16
55495,14
13280,1
14899,10
33687,1
4520,1
45607,1
47534,1
56674,4
4978,3
56446,18
53134,1
35326,6
29779,3
51663,7
6841,32
39385,3
56228,16
54927,0
42842,2
48544,12
28693,0
59436,1
11943,11
23881,0
31578,0
17886,5
8113,12
58948,8
36937,8
21980,10
14069,0
27845,0
46872,13
1603,0
53133,1
51664,7
35321,24
48749,6
31781,0
50584,5
47533,1
6614,0
56673,4
10066,0
24253,1
48923,6
26160,3
29914,4
54540,1
56217,6
20297,0
15170,0
20899,1
32560,3
59851,28
39188,1
38866,0
9836,0
26352,4
22534,11
19749,0
5401,1
59099,5
31311,15
34035,0
16365,0
43167,4
31547,0
56687,0
57755,29
42874,2
8787,0
25388,5
38437,2
24068,0
29777,3
31788,0
18030,2
14299,0
51209,5
27289,0
27887,0
29121,1
15179,0
31318,0
8125,12
27873,0
31916,2
18692,5
39347,0
57338,5
14863,6
44945,3
39511,2
58526,0
19116,11
9493,2
56221,16
10434,0
21373,0
52681,4
47161,12
6246,0
35541,1
7394,1
18659,1
3734,0
17423,4
33484,12
10606,4
21141,0
41898,8
6410,1
42245,0
26700,1
38408,12
4949,3
4175,1
35125,6
22192,1
17275,0
12707,1
26532,1
54112,1
46611,1
50774,1
55206,14
43363,1
20403,10
44146,8
46423,4
16353,0
34003,0
41262,10
21387,1
49833,11
28804,3
31115,3
35787,1
46275,0
31327,1
40182,0
57909,13
44522,1
57569,14
52827,6
25149,2
29784,0
49661,7
42887,10
22962,11
19323,0
13619,0
8310,2
19747,15
39340,1
38292,10
40388,0
58979,8
41854,2
58145,2
6884,0
7956,3
47159,12
56219,6
1867,0
21179,11
59063,0
38868,3
13887,0
42619,6
45864,1
37478,4
3966,0
26738,8
54318,5
51458,0
29542,0
23844,1
10068,0
46272,0
31320,0
59894,0
53592,4
11515,1
25720,10
57300,1
14067,0
47192,1
22505,1
49834,11
46040,6
26999,3
31112,3
12390,21
24296,13
11171,0
5054,1
7703,0
42084,10
31576,0
46616,1
19912,2
43364,1
13414,0
25176,2
36561,0
21710,4
17272,0
54115,1
3959,0
6417,1
25182,2
9807,0
47354,2
26363,0
20094,0
4516,1
45631,5
52686,4
14093,0
51003,5
35546,1
29925,4
12364,0
9864,0
17447,4
6010,0
42645,0
24457,1
38008,4
21125,0
24665,1
35525,1
3750,0
54512,2
47561,1
17211,7
7794,0
54176,6
27484,5
26556,9
6474,1
56413,11
57707,14
44310,0
46447,4
13645,1
12797,0
55050,14
31727,6
11320,3
25115,2
20467,10
7136,3
34631,1
43763,6
44546,9
49857,4
55434,14
33887,4
7599,1
9403,1
27689,2
29521,4
48516,0
45209,4
37629,0
16798,3
48172,2
38205,7
25788,0
21328,7
24468,1
38037,4
36991,2
4778,0
51897,10
49054,6
46820,1
50945,3
44579,3
13810,31
49266,13
33873,4
13448,0
31718,6
34058,3
43936,1
25318,4
44773,1
20236,0
7303,0
13226,0
13014,1
44541,9
50717,0
11327,3
41665,0
49408,1
6473,0
17024,11
30606,3
3101,0
52888,17
21546,2
10033,3
27483,5
4572,1
48976,6
6225,0
49098,30
28893,5
50989,5
54727,0
43790,6
4740,1
41468,1
33048,0
44926,0
58545,7
28632,3
19949,0
19175,0
57169,0
7932,3
19511,12
28064,5
28858,0
58313,13
22798,3
12931,0
30853,0
48949,6
10468,0
40318,1
17229,7
54972,0
35179,2
56619,19
38666,1
4129,1
39586,1
32952,1
33041,0
11311,3
7563,0
18892,0
31716,14
43336,1
6683,0
55061,14
2223,3
33273,3
5006,15
20664,0
50177,1
2647,2
13210,1
3795,1
29983,4
25772,0
56280,5
58914,21
33425,2
4782,0
44577,9
16550,0
42680,0
28099,5
23471,31
6213,0
51051,5
49892,4
56274,5
4544,1
53706,2
51263,12
54711,0
4312,0
52082,0
7597,1
18866,3
17012,1
54375,6
51435,0
47550,1
42022,11
54147,6
13680,1
10005,0
32355,4
45207,4
7138,0
48385,3
20831,1
44548,9
57963,17
50148,1
57709,14
25329,4
46449,4
55862,18
19371,1
12799,0
22930,4
44910,0
4923,0
15548,13
45238,4
55896,18
9600,0
48527,11
54178,2
38462,2
32158,13
59455,6
17449,4
18401,9
56079,14
4749,0
49091,14
17227,7
42025,1
34899,2
40772,20
24237,0
20697,1
39588,1
14690,3
52085,0
45032,4
34297,0
12567,0
42217,0
30637,3
24461,1
15326,0
21113,0
44584,3
12103,0
51056,5
12331,3
56273,5
25781,0
40316,1
57167,0
4785,3
44570,9
17485,1
28258,8
8148,0
49861,4
27022,3
30095,4
43567,2
57355,5
6684,0
2224,9
41654,0
53391,0
14456,1
33046,0
5233,0
43331,0
27674,2
30862,0
26907,0
18634,0
9051,1
8183,0
42228,0
4118,1
59660,17
35148,2
54943,0
26799,0
41459,9
33845,1
32399,0
39771,0
11927,1
7769,0
22937,4
24698,0
20238,0
28055,5
29187,0
13228,3
46816,0
30298,0
20836,1
58110,6
21178,11
53558,5
6871,0
12954,1
9237,0
20298,0
37479,4
15729,1
32937,1
11389,0
26739,8
54319,5
18036,2
9461,0
3967,0
19322,0
52228,1
57568,14
25148,2
46628,8
11719,0
8123,12
13872,0
28233,8
22709,1
40389,0
43391,10
35311,6
37446,12
15716,1
56471,18
44386,8
15524,1
57791,19
49499,1
22194,1
51466,0
54928,0
52687,4
45630,5
14092,0
56227,16
24607,3
27082,1
42415,0
3732,0
17617,0
30809,3
51002,5
54742,1
26362,0
17425,4
46287,0
56829,3
57301,1
33644,11
2614,1
43533,0
12391,21
55456,14
49835,11
34653,1
36104,10
53593,4
59895,0
58947,8
17889,0
19913,2
7530,0
20405,10
14630,3
5267,2
56485,18
25345,5
9698,1
27412,3
22160,1
17287,0
19741,20
27872,0
5409,9
58143,2
39174,0
19573,3
28234,8
36558,0
39510,2
55238,19
2846,0
19325,0
48587,6
22158,1
33218,0
5851,0
11148,0
4379,0
53907,2
49693,21
22990,13
12739,13
18203,0
48573,6
28496,3
4977,3
25389,5
9230,0
48117,12
1861,0
38052,4
27288,0
3538,0
12953,3
4180,1
33227,0
25342,5
55809,16
23287,4
2879,1
44147,8
14637,0
43706,6
13076,1
34654,1
16504,3
57908,13
5604,11
40183,0
20254,0
5436,0
44711,11
43534,0
2613,11
55451,14
21140,0
39983,1
4722,0
59866,10
56012,14
52680,4
10435,0
34492,3
48914,6
24264,3
51461,0
35124,6
6623,1
5294,0
53104,6
1634,1
33820,1
39714,4
5867,0
34837,1
19777,31
55458,14
27078,1
50916,5
31921,2
28030,5
19545,34
18497,11
12991,1
28202,7
58175,2
15388,11
36936,2
59261,4
56229,16
18651,11
47955,2
48121,12
47169,9
17619,3
12159,3
42629,24
6840,32
59053,1
56827,3
21975,2
18007,2
29740,2
38400,0
58976,8
33447,10
25522,1
11717,0
43730,6
8911,1
27047,2
2625,1
6285,11
14057,0
20262,0
5400,1
36307,1
52642,2
2241,0
23083,0
36763,4
14433,1
10093,1
37483,4
28659,1
17084,10
34206,0
16156,1
51691,7
3367,1
22999,3
6615,0
54919,3
51457,15
45265,4
10067,0
44185,8
10255,0
35320,24
14291,0
4714,4
56024,14
7191,3
29915,4
42424,0
12354,0
13286,0
29129,7
53764,0
15171,0
53338,5
23873,0
28695,0
17048,11
15975,0
54579,0
19542,34
7961,0
8929,12
14853,10
12398,13
50911,17
16738,11
28037,5
39713,4
9691,0
43962,8
19126,11
25942,23
39521,2
48119,12
51034,0
48925,6
20291,0
21343,7
45606,1
10404,0
33686,1
15344,3
24403,0
10636,1
56023,14
19589,0
17413,1
4377,0
37470,4
40522,4
1605,3
26730,0
12505,0
6420,1
18803,12
22390,0
35327,24
26502,0
6612,0
51450,0
45262,4
44176,8
57561,14
55236,19
34201,3
16151,1
46621,1
2246,2
43161,4
31541,0
50576,5
46413,0
22156,1
36764,4
45296,4
57753,19
6282,0
25717,2
5635,11
36132,1
21185,11
32592,0
55652,1
46245,0
50320,21
46939,8
55512,14
13307,3
43477,1
25665,4
20317,0
14122,3
14310,0
39834,0
7010,0
8864,0
43645,15
33156,0
1783,9
50636,5
34373,0
27764,10
6794,0
22024,0
2334,0
43013,5
57621,28
36616,1
58669,0
53047,17
23330,0
10112,1
17753,0
23566,8
42551,0
56363,8
15838,0
4453,20
15004,0
36888,12
9942,0
6136,1
59784,6
7679,0
34942,0
8631,7
50609,5
22229,1
58464,12
46308,4
28377,7
7813,1
57874,29
58232,11
31854,4
31068,0
9387,1
8093,1
57880,29
15209,0
51179,13
4834,3
38747,2
59770,6
17308,7
48602,6
53078,2
57084,3
21838,0
44493,1
15231,1
47216,11
23753,7
30344,0
35404,11
17754,0
3671,1
10571,0
32621,3
53616,4
36281,16
18378,5
55185,18
33397,10
10327,4
18976,3
34380,0
43828,6
2333,0
26483,0
41743,1
39659,1
33363,10
14541,0
25034,3
1784,1
34374,0
7473,0
46754,8
12484,9
25450,11
14317,0
52502,15
51387,5
8863,0
27307,8
46102,1
34522,9
31050,0
48098,3
30182,2
2757,0
29632,0
17901,0
48605,6
55388,18
59545,6
4833,3
37708,1
9710,0
38324,2
15800,5
53629,4
29064,2
9374,13
9146,3
28142,3
27338,8
58007,0
44458,11
25239,2
34179,0
46559,4
34945,0
41781,0
37701,2
15451,2
29409,4
12674,3
30716,25
24918,0
23765,7
51345,13
3475,2
25492,9
59128,0
15207,0
53620,4
17762,1
47012,0
54405,10
12210,0
13938,0
27331,8
3481,3
25466,1
56194,19
39805,3
14113,0
7213,0
51183,13
22471,0
42594,3
57610,28
1580,0
32287,4
25230,2
50435,0
49518,2
16012,23
46762,8
6597,0
50607,5
55375,18
23568,8
48859,6
29052,0
31891,0
1913,0
59117,0
22688,1
39496,0
3812,1
42309,17
19091,0
23930,1
20789,0
59741,5
53881,11
59587,24
22218,0
28722,0
19065,0
40698,11
27900,3
28948,0
13309,0
49143,14
25459,1
56997,1
5749,1
13907,1
29294,0
16449,0
49371,1
34345,0
27752,10
33160,0
5315,1
15690,0
33352,1
1587,1
57617,28
39668,1
44200,11
50432,2
35899,2
27560,0
2302,0
4491,1
14114,3
5543,0
17791,13
16643,0
46133,6
23796,1
16471,0
57041,15
58009,0
32610,12
40230,12
15032,0
44690,0
35435,3
26022,8
47227,1
3472,37
24547,0
57889,28
5785,0
51726,7
12441,10
56503,18
53071,2
45114,4
32274,0
37706,12
4001,11
51514,4
36049,2
27907,3
49978,5
14917,0
54891,0
28517,0
34974,27
25208,2
58660,0
8435,0
6769,0
38771,1
4802,0
10329,4
7489,3
23339,1
48634,6
17930,3
47218,11
12826,0
9177,3
31896,0
59382,0
12288,3
28127,5
26881,0
46158,6
16628,0
43618,0
31238,0
39869,1
38187,7
20944,11
49746,21
7429,0
44865,0
33339,1
19204,0
49574,12
22845,1
2369,1
34920,0
29491,4
43872,1
48660,6
9547,0
28785,5
17158,0
24974,0
53826,0
56568,19
18322,0
29465,4
42954,12
59376,0
48204,7
3419,0
55789,15
12872,1
32449,3
3284,0
43071,20
46503,4
50466,5
23194,0
57643,18
52103,0
11264,3
19009,0
46731,0
19835,0
36022,12
32482,0
2500,1
31207,1
20375,0
11432,0
33762,0
15254,1
52593,2
37938,15
34781,2
17731,1
15066,1
21253,2
26412,0
12627,0
16287,0
50492,5
5187,0
4055,0
24345,0
10170,1
32220,0
4267,1
38528,1
9578,2
35237,1
7882,3
29234,11
41980,0
38948,0
38174,7
46997,0
38722,0
42953,12
23158,0
26618,1
29650,0
2994,11
24973,0
44896,0
4099,0
52309,6
39604,1
13739,0
43049,0
29496,4
55910,18
49741,21
8466,0
30789,0
28776,0
24987,0
25855,0
19455,0
6198,0
22628,0
57811,15
39260,1
19667,0
40435,0
12412,10
26627,1
3879,0
26415,0
30570,7
35002,27
47422,10
24342,0
3613,0
42534,0
55583,19
21254,2
24726,1
14381,1
49128,14
33765,1
39851,0
11607,0
2507,1
8801,0
16422,0
5346,1
33133,1
11263,3
2163,0
7411,0
17194,0
13706,0
2351,1
22041,0
14523,0
52336,2
41721,1
12629,0
29454,4
1529,0
4269,1
17955,20
9576,2
16887,7
17169,0
37936,15
21853,0
6966,0
18777,21
48007,4
58295,13
39064,0
31209,1
43629,0
46955,8
19651,0
50830,12
46169,0
34549,12
2358,20
48497,3
49545,2
58605,6
41728,1
33308,3
33906,4
16873,7
41387,0
51929,2
3625,11
26047,0
48038,4
51115,17
48804,4
3417,0
46390,3
9911,2
38941,3
4632,1
10717,2
56102,14
17156,0
35206,2
4256,0
5384,1
45343,1
47414,10
2969,0
52132,0
25252,2
11067,0
23999,0
51585,3
46532,4
39269,1
55541,19
31838,4
7271,0
50033,3
26281,0
27353,0
7043,1
16414,0
58850,24
25404,1
33901,4
44853,20
34916,0
19232,21
49542,2
43844,6
55921,18
39635,1
19656,0
7249,1
14975,12
38383,12
39251,1
57820,0
33559,0
54699,0
20388,2
18542,1
24942,0
48656,6
9571,2
49784,5
22887,1
54807,2
32229,0
7878,3
22626,0
8830,0
20171,0
36828,0
33754,0
11404,0
25631,4
55546,19
7276,0
16621,3
50034,16
52307,6
57675,19
33330,0
55122,18
50450,5
51582,3
13505,0
16077,10
24989,0
10380,0
15434,2
4063,0
40636,0
54838,2
47413,2
51576,4
30773,0
43281,2
3074,0
4251,0
36484,1
59529,6
5383,2
56561,14
42737,1
26272,0
13195,1
30317,0
56105,14
24717,1
3622,11
7282,0
35457,0
9149,3
43686,0
12024,0
6101,0
17556,0
16484,0
4656,1
5784,11
37151,0
56166,14
40003,7
32611,12
1572,3
12672,3
51515,4
6757,0
3017,0
26675,11
55387,18
19894,12
33195,0
36621,1
41773,0
25236,2
2303,0
13754,0
7671,13
22013,2
43818,6
13566,5
27753,10
2131,0
16014,27
40493,3
33161,0
19438,3
9981,0
46300,8
20112,0
25460,1
33505,15
57040,15
36245,0
5542,1
25652,4
28971,25
55525,19
27939,3
16642,0
14788,2
53873,1
39490,2
3028,0
19097,0
3814,0
34981,17
42901,12
42559,0
28186,7
31897,5
56965,1
18521,0
31299,0
12827,0
46931,8
58205,12
41328,0
9182,0
39464,0
8434,0
49713,21
13559,9
34149,3
58661,0
57629,28
4497,1
49941,0
27330,8
31255,0
5777,0
20929,2
2136,0
15696,0
25003,0
5121,0
44206,11
33354,1
22828,1
27566,0
26672,11
46797,1
51720,7
24919,0
20585,10
56505,18
14582,0
45320,1
41780,0
51512,4
42939,12
53621,4
15808,5
30141,0
6334,1
48867,6
3474,2
47221,11
45576,1
25493,11
10774,2
54897,0
43820,6
39651,1
22219,0
50639,5
41921,11
46338,1
16448,0
13308,0
39235,0
21830,2
37955,2
18526,4
6139,9
12820,11
9343,3
48064,0
31890,0
10579,0
48400,0
59740,5
33991,0
53874,1
42308,17
36422,1
44002,8
1785,1
43227,2
12485,9
2332,0
6792,0
15492,1
20775,1
25207,2
11032,0
39658,1
29892,7
49977,5
45786,1
14918,0
10584,4
56391,8
36046,2
24583,0
43643,15
13133,1
51386,5
8298,11
3670,1
31899,5
6302,1
17755,0
21237,8
15002,0
10570,0
44492,1
24577,0
56157,30
11690,0
31297,0
8896,0
14786,0
56533,14
30721,0
27796,10
19099,0
17103,10
51716,7
55184,18
37736,0
32244,0
10114,9
3489,1
23799,1
57872,29
37997,11
20920,3
19604,0
22479,0
29091,7
11831,1
34944,0
49510,1
35896,0
34178,0
46558,4
55973,14
43218,4
13568,5
52158,0
39455,0
44801,0
15459,1
41789,0
58496,0
59120,0
4658,1
37963,1
38325,2
12218,3
50891,17
29065,2
26811,3
30514,5
23103,22
37731,0
10113,1
15653,2
24928,0
26643,1
6553,2
53422,0
15237,1
56150,19
11697,0
59924,0
32415,0
26227,0
12012,0
48258,0
17560,0
9943,0
26015,8
35402,1
47022,0
56362,8
39835,0
33533,1
39009,0
31264,0
13134,1
22673,2
51381,3
43476,1
54899,0
52352,16
15495,1
11809,0
58668,0
57620,28
40697,11
52160,0
14775,0
5322,1
11207,4
25032,0
44839,0
27765,10
43220,1
59315,1
50896,17
9372,13
51178,13
29062,0
54638,4
56953,1
18173,15
12449,6
59543,6
53079,2
19055,0
50608,5
25831,0
39660,1
43811,6
58233,10
7812,1
34729,2
9988,0
53449,11
30329,0
27990,5
51910,2
38376,12
1977,3
28580,4
29452,4
23954,0
22886,9
4861,0
40608,0
11298,3
45148,4
3876,0
17953,20
31459,3
45980,0
44852,0
5349,1
33900,4
46739,4
9584,2
59187,1
22618,0
28322,9
19657,0
46953,8
27158,0
18924,0
16082,7
3075,0
40405,0
5382,1
11095,0
40637,0
24372,0
21600,3
35032,27
30540,13
56336,4
37301,4
7283,0
34584,0
47076,3
17706,1
29835,0
26041,0
30124,0
9917,2
17534,0
56104,14
20184,0
21056,11
33755,0
7277,0
50035,5
19668,0
43422,3
46362,0
35690,1
50207,7
6197,0
27355,0
20170,0
10381,0
24988,0
57674,29
14513,0
37791,0
17396,13
22071,0
51583,3
46534,4
7613,10
28117,5
46954,19
38385,12
39257,1
1984,0
58052,6
39859,0
47288,10
28741,0
55329,35
22049,0
22875,1
56558,14
4268,1
59510,6
47618,1
9577,2
18312,0
25298,2
11891,1
9321,0
58294,13
59948,8
59174,1
51319,0
18544,1
27399,5
57673,14
5143,0
7614,2
34321,0
30781,0
31653,0
11254,0
33104,1
33938,0
46365,0
27352,0
43617,0
57025,5
52557,3
11402,0
44600,10
14170,12
21297,7
36220,1
7270,0
28128,5
31005,19
8238,1
2702,0
10716,3
24523,0
56103,14
59977,15
15264,1
35451,15
48805,6
26046,0
27194,1
11092,0
4859,0
43889,1
54002,2
35809,1
47627,1
50690,5
3072,0
12425,1
45170,4
37550,13
46708,8
34328,0
8467,0
33931,4
55911,18
17398,13
27955,5
46962,11
49116,14
50209,7
8003,0
36827,0
57810,0
52798,10
59370,0
4408,0
1946,0
17708,1
47078,3
29007,2
48030,4
46996,0
19692,0
38175,7
38949,0
9541,0
37559,3
59526,6
10149,1
40639,0
23965,0
18324,0
38982,0
16423,0
8800,0
54696,0
13151,0
31201,22
6394,9
19659,0
25601,25
33764,1
15094,0
58269,2
20373,3
55112,19
13707,0
57645,18
33300,3
45380,1
50652,3
6704,13
32226,0
40434,3
57483,1
56551,14
4261,0
18915,0
48659,6
32470,0
56909,1
4605,2
15252,11
53447,11
13999,0
23730,7
17505,0
54662,4
17737,11
12245,0
42535,0
56307,5
37330,4
59713,5
29464,4
43887,1
18323,0
23962,0
56569,19
24975,0
18575,0
38172,7
58097,14
39292,9
38340,0
59377,0
38186,7
20179,0
21299,7
33338,1
43873,1
7428,0
28770,0
23505,1
18778,21
42532,0
14989,0
45717,8
58894,21
4602,2
34780,2
47272,5
7087,10
19498,13
3427,0
24176,0
15631,3
17166,0
18912,0
6531,2
31696,0
2191,3
12626,0
40601,0
4868,0
5186,0
57470,1
37595,0
22275,1
17192,0
50655,3
31662,0
46502,4
7625,12
50467,5
31450,5
2357,37
48498,3
10185,0
25262,2
13364,1
8209,0
57226,2
44403,1
5724,9
14373,1
47406,10
22091,1
9769,3
24366,0
37771,0
32031,13
10361,0
10705,4
59964,15
6177,0
12052,0
18568,1
26869,0
19688,3
29821,0
27187,0
41395,0
15879,9
4412,0
58842,24
25416,1
11623,0
14351,1
5706,1
8825,0
35684,1
13948,3
27341,8
14163,24
52776,10
57660,18
24392,0
30792,3
38362,10
15846,0
3608,1
29210,13
6974,0
58889,21
29674,0
49791,2
12409,13
57499,1
59731,5
18301,0
19829,0
16861,7
41508,20
44846,0
37588,0
10198,2
28560,0
23188,0
48485,15
49557,2
3298,1
14960,0
27970,5
31029,0
16439,0
49301,2
7852,2
41530,24
33110,1
45190,4
19811,0
52315,12
20735,1
5157,0
54486,5
2716,0
33746,0
21283,7
39872,1
34751,1
48811,6
3630,11
45732,0
45500,3
3402,2
30305,0
54640,4
13187,1
56573,19
45958,0
24153,0
4243,0
6514,2
35213,2
30761,0
6726,11
22096,1
35021,27
40624,0
24361,0
10154,1
4071,1
37776,0
28331,11
49306,13
36805,4
44419,1
58046,6
49134,14
39627,1
58610,6
19220,21
17188,0
11885,1
59736,5
28593,10
42970,5
53802,0
59160,1
9335,0
11420,0
36202,3
15080,0
53695,2
5505,2
16437,0
41162,3
57007,1
58873,21
52575,2
21087,9
3898,0
34303,27
2176,0
24191,1
11276,0
25043,0
4281,1
36454,1
10196,2
58619,6
5161,0
11878,1
46511,4
50474,5
23186,0
22868,1
43063,0
2182,0
40420,0
11282,3
53037,17
15622,3
25285,2
32232,0
50480,5
9758,0
40276,3
20393,2
37324,4
17723,0
26064,0
9932,0
6146,9
30333,0
4611,2
55139,18
23985,0
9793,0
5962,0
58626,11
33925,4
45199,4
19818,0
22259,1
49754,21
48686,6
2149,0
57038,0
39275,1
9131,1
46982,2
59700,5
8487,0
17976,9
30768,0
23723,7
9935,0
12858,9
32463,0
10733,2
24506,0
52586,2
10501,0
40271,0
15073,11
20394,2
47868,2
1532,0
40615,0
32235,0
5192,0
36695,8
35010,27
50487,5
48478,0
30562,7
30750,0
24162,0
32007,13
33313,0
39629,1
5166,0
20704,1
52324,6
28569,0
34136,10
16054,3
19820,0
25878,2
4286,1
36453,1
39843,0
14969,10
40285,11
36205,0
5502,0
20360,0
6387,1
40418,0
32804,1
29642,0
3854,0
2986,0
42941,12
22098,1
45358,1
30905,3
34599,15
48023,4
42519,0
51932,2
39286,9
20199,0
7890,3
50028,3
49105,30
59999,1
27348,0
28764,0
16857,7
13519,0
46529,4
43867,6
34109,0
19211,12
34935,0
25249,2
10992,0
58621,6
1559,2
42129,1
34995,17
18363,1
46589,1
3800,0
59561,6
39484,2
45902,4
32408,11
15018,0
38300,10
13129,11
17589,7
13915,1
56985,1
14902,10
19621,0
34539,1
33378,2
8612,0
6788,0
8420,0
44018,8
14768,0
39470,0
45757,0
56340,4
15215,2
45565,8
5790,0
56172,14
42740,1
23777,7
50285,21
37521,3
21444,0
10303,11
26661,1
51733,7
35044,0
40641,0
4828,3
41793,0
53090,6
20562,10
19048,1
49738,21
43202,4
6585,0
54087,0
50427,2
13324,0
8249,1
42586,0
28159,7
22463,3
49952,3
14101,0
20106,0
25474,1
9995,3
16464,0
12498,0
28737,0
2921,0
1798,0
58672,0
20768,1
11813,0
13778,3
35088,21
54883,6
44649,0
14139,24
3699,0
28161,7
2579,3
7837,0
56982,1
11679,0
39013,1
51961,2
30956,0
47038,0
12834,0
38135,10
59566,19
45905,4
58686,0
48414,0
34992,17
44444,11
13111,3
2546,11
7206,0
54080,0
20565,10
53097,24
33172,0
25017,1
41552,0
8418,0
22232,32
7450,0
19289,4
27586,0
52383,16
4013,30
10136,4
21443,0
51734,7
4645,1
5797,0
59901,0
6112,0
28398,7
26030,8
6320,0
51162,13
4477,1
46128,6
58220,3
58012,0
49352,1
14759,0
27749,10
18194,0
8411,0
49736,21
49504,1
28533,0
43802,6
50429,2
11019,0
4228,0
58482,10
48610,6
9537,0
48422,0
18352,13
55993,14
59762,1
59306,0
56940,1
10769,1
3469,3
8081,1
5103,1
41756,0
11026,0
13543,1
19079,0
21481,4
14766,0
25021,0
9198,1
50240,2
36052,2
39826,9
24597,0
25445,1
39228,0
11442,0
3690,1
2742,0
49963,0
54614,5
47203,1
23746,7
56143,33
32406,3
53603,4
15016,0
12233,0
3664,1
48079,0
51154,13
21647,5
4025,1
32250,16
13785,3
42127,11
6540,0
7492,3
35247,13
38938,3
56947,1
37970,1
25489,1
9968,0
28396,7
9366,13
4479,1
56349,8
15812,5
7698,0
14598,3
38752,2
45108,4
48617,6
39674,1
33940,0
38594,0
18193,3
19041,1
28706,0
16009,0
45598,1
2548,11
27924,3
27785,10
26657,1
51705,7
3809,0
41597,0
4022,1
54879,6
5594,1
37341,0
10563,0
42544,0
26001,8
43496,0
17746,1
31284,5
51361,3
22693,1
15223,1
56144,19
33715,3
10597,3
11445,0
50849,27
23587,8
8871,0
51395,3
5752,1
36055,2
57062,0
12496,0
50623,5
19842,0
46746,3
22203,0
14761,0
39479,0
33143,0
20766,1
5938,1
16204,0
35086,21
31677,0
46725,8
17187,0
34305,0
37580,3
5355,1
44072,8
20537,12
36452,1
33120,13
14530,0
44240,11
10190,0
13715,0
30597,0
7630,12
44624,20
34553,2
6988,0
31213,1
7066,2
22604,3
25421,1
57001,1
58875,21
56315,4
35475,1
46187,6
3432,0
9934,0
4617,0
38964,2
56127,14
58881,21
17173,0
18907,11
53031,17
40426,0
56543,14
59739,5
40614,0
10164,4
48479,15
35011,0
47431,2
41967,0
57802,13
14359,1
20950,11
58244,10
39273,1
49560,2
8647,7
19022,1
8475,0
48680,6
11089,0
59534,6
32805,1
17970,9
9553,0
4628,9
9137,1
9305,0
46984,2
30904,3
21278,7
15871,1
21624,5
24356,0
25284,2
12634,0
3263,0
35016,0
29449,4
3051,0
26633,1
30756,0
18900,0
47604,1
53036,17
4274,1
54677,4
30332,0
4610,2
15247,1
37117,0
56120,14
15075,0
4422,0
53660,2
32657,0
10507,0
13382,1
35472,1
54683,0
43634,15
38997,15
16604,0
30590,0
55335,29
22267,1
17180,0
44849,20
48025,4
51934,2
3638,1
15876,11
56923,1
54648,4
48217,7
29220,13
53009,17
25089,10
12439,20
30769,0
23970,0
48441,0
35029,27
47409,10
8472,0
16851,7
19819,0
19217,21
44278,2
28908,0
47099,1
26892,0
52779,10
39274,1
57805,19
36832,0
21885,0
18593,1
7862,0
28306,7
12895,1
20196,0
59962,8
30304,0
9139,11
29229,1
7291,0
35444,0
48810,6
34596,0
21276,7
56324,4
54017,2
3255,1
47400,2
35020,27
22097,1
44285,5
15615,0
5390,1
56572,19
43292,2
17142,2
28559,0
5156,0
41703,1
41531,12
19810,0
14357,1
40087,0
58844,24
25410,1
19448,0
27347,0
34750,1
50215,12
28901,5
27175,0
50027,3
44615,11
18135,5
9562,1
32008,13
38532,1
48477,15
6718,0
59353,0
15840,0
42529,0
26850,19
29024,0
30935,0
48221,7
35649,9
47269,5
38156,0
56129,14
15088,0
14966,10
39242,16
19645,0
50824,10
13971,1
28330,11
44418,1
43259,0
16867,7
17189,0
25877,2
33912,4
52925,17
24199,3
39626,1
5955,0
19221,21
43857,6
2710,0
49931,5
34565,15
20357,3
44612,1
36232,1
5707,1
44420,1
36000,0
33572,0
25417,1
8824,0
22632,0
52121,0
56581,19
44878,0
43261,0
19817,0
22256,11
31473,3
55136,18
34101,0
46521,4
25241,2
57661,18
17979,1
8488,0
9768,0
3252,1
51562,4
45350,1
32202,0
10152,1
27186,3
26868,0
6344,1
34591,15
17713,0
15044,0
15878,11
20191,0
4621,0
7898,3
55794,0
3404,2
42723,1
48219,7
30303,0
46383,0
51334,3
9902,3
36669,2
58616,6
44249,2
39621,1
9591,0
44847,0
34768,2
36803,4
31028,0
46946,5
28939,0
54679,4
29211,13
37119,0
1962,1
23519,4
59730,5
4874,0
9757,0
48470,0
54813,2
9565,0
49790,20
16894,7
29675,0
57498,1
52976,17
33941,0
8417,0
19040,1
55961,14
34956,17
35884,0
5906,1
48888,6
9393,1
58014,0
41905,19
17778,12
30966,8
50883,17
28999,0
24768,11
15813,5
4478,1
56946,1
45109,4
15679,3
32867,2
6579,3
9531,0
23129,0
3239,1
32269,0
51394,3
46323,1
17581,13
31271,0
24591,0
25443,1
11676,0
37186,0
33714,1
44646,3
20303,0
49159,19
15480,3
6780,0
34155,0
50622,5
13545,11
43235,1
25027,0
21487,2
1551,33
21641,5
45304,12
4023,1
23116,22
46581,1
51536,4
13783,3
26464,3
42121,0
34393,0
23324,0
17111,10
3808,1
7494,0
48629,6
12463,23
45136,4
59569,24
35625,9
17575,0
59931,0
4675,2
9358,13
34199,3
39686,1
59551,6
17129,2
59909,17
57893,3
9152,0
29070,2
26804,0
30961,0
58013,0
20109,0
41902,29
43669,0
31847,25
8246,2
42589,0
39216,0
5559,0
28532,0
50428,2
34951,17
2318,0
8622,7
41768,0
5901,1
11824,1
44814,0
36408,13
14758,0
33946,0
55368,18
25682,4
45767,8
17740,1
48844,6
42542,0
30162,4
43490,0
6125,0
3457,1
10757,11
40027,20
11685,0
4672,2
35246,13
30734,3
56526,14
56714,0
24334,0
21646,5
47454,1
42126,1
16030,0
31612,0
33145,3
36437,1
20552,12
11027,0
41757,0
20760,1
44225,0
55959,14
27545,0
57256,2
39229,0
14131,3
31878,0
3691,1
55501,14
27121,5
7003,0
22661,2
8877,0
17586,7
9199,1
24596,0
38134,10
56379,8
1907,0
30957,0
31885,0
18701,5
4811,0
55198,8
48415,0
6548,2
38550,9
39482,2
15648,0
55950,18
31429,3
22802,0
19243,0
13779,3
46749,3
16039,0
28736,0
2920,0
16805,3
49701,21
53895,2
2578,3
14138,24
44648,0
55508,14
19627,0
46923,8
10305,1
59558,6
45107,4
46782,8
51735,7
17120,2
23315,0
42322,17
13580,0
34190,0
19288,4
32267,0
14597,3
4012,33
6321,11
22491,1
35426,1
28997,0
3653,0
12204,0
11481,0
56346,4
57294,0
15021,0
25486,1
28399,7
51351,3
16496,0
50045,5
17782,21
22465,3
27117,5
55537,19
11475,0
20332,0
56180,19
45597,1
44445,11
5762,16
3495,0
57436,0
52978,17
25016,1
14751,0
52144,0
50613,5
31624,0
34958,17
2311,0
57604,14
11011,0
32293,4
5134,0
52376,16
39227,15
27913,3
30198,2
29889,7
13914,1
49362,1
36861,0
39015,4
56984,1
27779,10
36439,1
5930,1
38791,0
11815,1
50419,1
28503,3
6789,0
2329,0
35248,1
17924,3
33983,3
34994,17
15825,5
15019,0
6319,11
18534,4
36895,4
40029,0
10759,11
46543,4
55154,18
27574,0
57603,14
25223,2
5133,0
52371,16
20563,10
19875,11
6584,0
2918,0
43203,4
25475,1
36062,2
20107,0
5765,0
13117,1
22462,3
13325,0
4485,1
14100,0
25481,11
59907,0
10766,11
4643,1
37144,0
3466,1
17771,12
18739,0
44684,0
35045,0
1567,3
37712,0
40472,1
29628,0
6570,0
17127,2
26660,1
9678,0
47517,5
23052,0
5287,1
24045,0
21153,0
56001,14
13091,0
9812,0
6066,0
27096,0
42401,0
17603,7
45624,1
52693,4
10426,0
33462,12
6092,0
54590,0
13257,3
12385,0
11500,1
33650,9
50554,5
25351,5
5273,11
20411,10
41426,3
11356,0
46603,1
34223,0
1872,0
27895,0
29133,7
6865,0
6059,0
15359,1
21950,2
38041,4
17856,5
24846,0
4158,1
11993,0
59620,17
48560,32
17258,0
19104,0
49674,7
16970,9
3987,0
58534,7
44957,8
39503,2
14429,1
8761,3
19336,0
27439,0
42892,2
39355,4
14871,10
27861,0
7943,0
8137,4
13866,0
21198,2
41841,1
25958,23
30684,7
7523,2
34224,0
50761,9
23293,4
42096,0
22173,1
28449,2
34016,0
37693,2
14411,1
2607,0
36325,0
20240,0
36117,10
20072,23
53580,4
44537,9
33465,12
34640,1
6095,0
50305,21
3721,12
35554,9
14081,0
45411,1
53574,4
40163,7
33491,0
24426,1
12144,0
29339,0
46294,8
40507,4
1620,3
12520,1
51647,4
12712,1
31590,0
3345,0
17260,0
10879,0
24270,0
57782,29
6896,16
28220,8
41846,2
49025,6
27866,0
6298,1
57749,19
19331,0
46409,0
42895,12
9486,2
3980,0
28644,0
58533,7
20429,12
44950,8
37658,13
4963,0
35933,1
8792,0
22984,1
28482,0
16983,11
18441,8
47379,2
13895,0
39194,1
38046,4
20885,1
30825,3
44733,11
53784,0
57324,5
55473,14
8139,4
43724,6
20044,2
27605,3
7515,0
4390,0
20420,2
5242,1
33037,0
45285,4
20612,2
30480,5
27437,5
34020,0
46400,3
7727,1
16370,3
3141,1
26723,0
22383,0
35334,6
15733,1
37463,10
56454,18
1616,0
57586,14
4156,1
36783,4
30474,5
43186,4
47526,5
42868,2
20282,0
24622,2
56202,6
13292,0
3525,0
54767,0
47370,10
17400,13
24410,1
9682,0
19307,1
43971,8
51488,0
11956,1
10884,0
52803,10
2058,0
22348,0
19551,0
19763,4
31109,0
50902,17
31935,0
27850,0
14840,10
39364,4
48551,12
18221,13
21539,2
8596,0
28686,0
16189,11
12175,0
27292,0
29308,0
14282,1
32572,0
37232,10
15162,0
51020,5
23400,3
48931,6
10848,0
10074,0
23858,1
30641,20
18817,10
57747,14
2252,0
34027,0
22142,1
7512,0
51682,7
52007,0
11360,0
19569,0
43723,6
54794,3
50334,0
52463,16
36126,10
15196,0
57323,5
26186,8
43511,15
8591,0
23269,4
51649,4
9671,0
48556,12
49484,1
26529,1
35902,2
59272,4
39999,7
49014,6
49828,11
14847,10
41279,10
44539,11
8101,4
58502,0
56498,18
2863,0
9685,3
28447,2
21758,12
42804,5
18272,0
3911,3
9417,0
17834,1
38447,2
52098,0
59470,6
33893,4
6807,1
21932,0
59014,1
15109,3
8155,0
7921,0
9087,1
58132,6
52408,16
57348,5
14813,2
39337,3
25768,0
16778,4
39753,3
11139,10
15599,0
11905,11
34870,2
18286,0
26589,1
8703,7
16912,0
14679,0
22586,0
17661,1
18629,0
57383,5
45646,5
10676,0
4753,0
9870,0
42651,0
54734,1
24027,0
37430,2
42235,0
47575,1
3320,0
41682,1
10020,3
24215,0
14480,1
25101,12
36516,12
52053,0
15794,5
14646,0
20473,12
46661,8
2034,0
19159,0
47581,1
7774,1
46453,4
27464,5
55044,14
32384,0
59689,5
44304,3
16747,2
48991,24
17695,1
8358,0
28874,0
33632,2
5447,0
44760,1
4595,2
39906,1
52437,5
34279,0
16129,0
49611,1
5229,2
33860,11
39754,0
5827,0
43925,1
35199,2
18281,0
19353,1
28070,5
51884,10
27038,2
22778,0
28242,8
11768,0
57941,1
24649,1
4559,1
29156,0
26922,0
28084,5
48161,10
53529,5
6458,1
29700,0
19195,0
38440,10
4901,0
18275,0
10685,0
44555,9
52430,16
39901,1
23695,0
3585,1
49844,4
46030,6
55427,14
47586,1
16324,0
46454,4
57714,14
36723,0
44131,33
28619,0
34246,0
43314,0
23037,2
51417,0
32377,4
40565,0
33097,1
15767,5
45017,4
6467,1
51625,4
40101,0
5686,1
54733,1
51073,17
6231,0
17666,1
23453,3
24676,2
11591,0
45641,5
28046,5
50960,3
49071,18
57379,5
20019,0
8958,37
48391,3
19533,0
40598,0
33856,1
58567,17
16923,0
43913,0
28422,7
22924,4
11108,0
20489,2
59441,0
29736,2
17805,0
29504,4
38220,7
45648,5
21903,0
59819,0
10678,0
59025,1
29352,0
9042,1
6836,29
5012,0
26587,1
55075,19
7577,0
34270,0
54395,10
27667,2
11305,3
22771,0
16544,0
9089,1
42694,1
57174,0
39937,2
4796,3
56294,5
39339,1
5476,1
49872,4
46006,17
13204,1
30086,4
9841,0
49288,13
3547,1
59826,0
53520,5
40305,9
10475,0
59228,4
15107,0
37257,1
51045,15
18618,0
48168,10
10011,3
56604,19
45213,4
6663,1
7583,0
29709,0
42204,0
9419,0
14683,0
53144,1
45021,4
38015,4
21138,0
8197,0
17668,1
48150,10
28889,10
15903,1
7789,0
19396,0
27499,5
19362,9
8735,0
11933,1
38485,12
25108,12
33851,1
2801,11
49620,1
33409,10
37895,3
57970,17
13832,0
28273,8
19534,0
28041,5
29193,2
27009,3
42203,0
48739,6
41486,0
53143,1
4301,0
10016,15
40766,20
45214,4
25795,13
10472,0
53715,2
16785,4
29158,15
49881,4
30075,4
6032,0
2492,0
3540,0
42667,0
12117,0
26322,3
53527,5
56293,5
36376,13
20213,0
49875,4
2654,2
13203,1
29990,4
34613,5
22776,0
31361,0
41016,12
24481,11
52401,16
44564,11
22312,0
31705,6
11302,3
39568,1
21597,0
7742,0
2230,2
27452,5
34214,0
43346,1
2061,0
55223,14
33031,0
44163,8
4998,11
57746,14
34026,0
7721,1
27431,0
57322,5
40395,0
44735,11
53782,0
15197,0
27869,0
26187,8
13260,3
25530,0
32587,3
58158,0
39953,11
10411,0
21356,7
35564,1
12346,0
9825,0
27293,0
38049,4
45421,1
4706,4
18816,10
31792,0
26725,0
56452,18
40537,4
45277,10
37657,13
5082,0
47520,5
48568,7
54137,1
28210,7
26984,3
46861,9
2608,11
39362,4
59287,4
28446,2
56499,18
20419,2
33832,9
19133,1
43983,8
54934,0
45248,4
18015,12
8590,0
3178,1
12977,1
13099,0
30815,3
42409,5
30029,4
48133,2
1845,0
53749,3
56667,4
51442,0
43187,4
35335,6
17859,5
26722,0
42267,3
53127,1
24623,2
56203,6
45614,1
26174,1
55486,14
30011,4
50332,0
12187,0
8138,4
54792,3
57117,0
11702,0
44500,1
5627,11
39954,2
7342,0
34445,0
56693,0
33204,0
36776,4
14426,1
34021,0
43173,4
46633,8
7514,3
43341,1
27604,3
4391,0
5243,1
48908,6
3729,0
46892,3
27099,0
10429,0
59274,2
1628,33
38415,12
24876,0
17866,5
35138,6
52802,10
25950,23
58504,15
16940,7
8751,0
55029,14
26983,3
19762,4
14841,10
46268,0
32542,8
39996,7
4737,1
9814,1
35555,9
7380,1
54562,0
26142,3
32770,0
45622,1
52695,4
21367,0
53747,3
35131,6
31591,0
54106,1
10044,0
11196,4
51646,4
18827,10
46437,4
50552,5
27400,5
20625,10
14410,11
37692,2
52205,6
25959,0
46605,1
34225,0
6094,0
34641,1
7146,0
16511,3
8932,2
13063,4
19559,0
13251,3
31101,0
25733,12
41276,10
52661,2
51679,7
49686,21
17850,0
18024,12
45279,10
15509,1
54905,0
6609,0
50599,5
9641,0
14883,2
59242,4
53778,0
30018,4
17408,13
47378,2
9017,12
21956,2
38047,4
59070,5
39353,4
1880,0
27867,0
28013,5
46850,11
7179,3
41847,2
36129,10
17098,10
2853,0
16976,1
58532,7
25966,15
4996,1
16378,3
22971,2
19330,0
48592,6
30488,5
55443,14
25734,12
21394,0
41043,4
39159,0
58952,8
46266,0
8109,12
11357,0
14625,3
44155,8
45087,16
16172,1
51487,3
16340,0
55027,14
49478,1
2265,0
4192,0
36747,0
10271,1
25196,2
21536,2
15703,0
47724,2
6403,9
23261,4
17054,11
42256,3
12526,1
26521,3
11191,4
17602,7
51017,5
19798,0
42400,0
56232,16
10427,0
4502,1
53740,3
56000,14
24420,1
45417,1
59048,1
51225,16
46292,8
39730,0
4991,15
42893,10
27438,15
39502,2
58535,7
46259,0
8136,4
12189,0
21199,12
41840,1
40992,0
20279,1
27860,0
28828,5
29300,0
12941,0
18447,8
21951,2
38040,4
14884,2
30823,3
27894,0
26946,0
9222,1
42867,2
43189,4
12519,1
45870,4
53129,1
59413,0
5219,2
58561,3
25935,23
25109,12
16925,0
16119,11
13659,0
28424,7
55428,14
28040,5
19535,0
7916,0
50992,16
28888,5
47119,9
17669,1
30877,0
29166,15
15902,11
24679,12
56857,11
21905,0
38014,4
30279,7
9878,0
28286,7
12915,0
3328,0
19397,0
18245,0
48535,20
42833,2
29502,4
23038,3
40758,11
7115,2
16542,0
39931,2
20020,0
24480,1
58308,13
14027,0
44757,1
31152,0
46000,17
43116,2
22121,1
35196,2
6691,5
31704,7
43324,0
54393,2
16126,0
20682,1
10017,0
6665,1
54969,8
27695,2
17000,1
6457,11
4300,0
54703,16
12116,0
23651,0
37063,12
53526,5
24646,24
9249,0
6201,1
30848,0
51043,5
19390,0
23803,1
29505,4
59440,0
53946,2
13498,0
29737,2
17038,1
57982,0
8191,0
23669,0
50995,5
2699,0
29161,0
38221,7
20018,0
57976,17
37893,3
43778,6
31358,0
19532,0
7911,0
19700,0
28047,5
30884,0
19364,1
55877,18
43912,3
33259,3
39763,3
39551,10
21333,7
54536,1
18619,0
26116,0
51878,2
3774,0
17651,11
23464,23
51044,0
6808,1
22784,3
15334,3
27692,2
51612,3
18873,1
53145,1
37632,0
4135,1
45212,4
54152,6
51420,0
6662,0
31703,6
13453,0
54394,2
34271,0
5221,2
11304,3
20671,0
43111,8
50506,5
6696,13
5477,11
41222,11
11552,0
33602,10
27030,3
46007,17
7320,11
22542,1
13037,1
55622,1
16545,0
53528,5
56866,1
57188,0
36983,2
4558,1
9247,0
26923,0
31994,13
59644,17
10825,0
58796,0
32349,4
38673,1
9623,0
18274,0
34882,2
3319,0
18046,10
48736,6
6459,11
45029,4
37409,2
20678,1
39755,3
54993,0
28627,3
21598,3
33861,7
57940,11
37099,0
41825,1
11769,0
39103,3
58306,13
14029,3
14815,2
39331,0
7329,1
32144,5
13491,0
18079,5
30613,3
3928,0
27496,5
19399,0
42001,3
17203,0
17667,1
4755,0
21137,0
32520,9
3570,1
12127,0
49079,30
50968,5
49845,4
36346,13
20011,0
56091,14
7918,0
22746,0
15792,5
52869,6
41442,1
33062,0
34247,0
34849,1
50530,5
33250,0
25769,0
39336,3
46835,3
48193,7
16779,4
31967,1
31369,0
20029,0
41822,1
19167,0
18889,0
7578,1
11138,4
33268,3
34871,2
8702,7
26588,1
3910,3
32940,1
4309,0
33892,4
59643,17
10822,0
34885,2
59227,4
18617,0
48355,2
51278,7
40138,0
38022,4
13650,1
22117,1
55879,18
5022,0
57712,14
52052,0
5210,0
19158,0
19964,0
57144,15
33401,10
23693,10
55421,14
28875,0
22573,0
28049,5
20224,0
21130,0
10677,0
24442,5
25590,25
30270,7
23667,0
9871,0
6005,0
3745,0
28881,5
35530,1
6237,0
23455,3
48964,6
17660,1
57382,5
47574,1
6653,1
14481,1
30614,0
55283,19
42234,0
